0.7237768578506754,0.1511015125101634,1.0289189044799196,-0.2620404526382041,-1.1921022417199063,-0.33749706956661024
0.7237768565641973,0.15110151909679548,1.0289189128414515,-0.26204045302296686,-1.1921022830157766,-0.33749707975481963
0.7220061594873244,0.14985980579927158,1.0306016417054746,-0.2617242562773813,-1.192503111902844,-0.33772002011821584
0.7202302857719525,0.14861829240670762,1.0322810202799844,-0.261405488376089,-1.192900939496989,-0.33794292488214145
0.7184492423435573,0.14737692464685212,1.0339569662674415,-0.2610841564791079,-1.1932954058269032,-0.3381657594281528
0.7166630169773369,0.14613570575811452,1.0356294675206525,-0.26076024984523966,-1.1936865021349818,-0.3383885251169256
0.7148715974883729,0.1448946391377096,1.0372985118499196,-0.2604337577269403,-1.1940742199249457,-0.33861122339265026
0.7130749717434761,0.14365372830628312,1.0389640869768872,-0.26010466938201154,-1.194458550734596,-0.33883385575139136
0.7112731276630306,0.142412976909784,1.0406261805345611,-0.2597729740726423,-1.1948394861374416,-0.3390564237424212
0.7094660532211795,0.1411723887215841,1.0422847800670811,-0.25943866107039293,-1.1952170177449806,-0.3392789289673773
0.7076537364486888,0.1399319676443027,1.0439398730299576,-0.2591017196516927,-1.1955911372082904,-0.3395013730829404
0.705836165432274,0.13869171771208838,1.0455914467897105,-0.25876213910598006,-1.1959618362206157,-0.339723757798841
0.7040133283188852,0.1374516430923229,1.0472394886243503,-0.2584199087263186,-1.1963291065186408,-0.3399460848823488
0.702185213314757,0.13621174808799605,1.0488839857229857,-0.2580750178186288,-1.1966929398852417,-0.3401683561558904
0.7003518086867663,0.13497203713982217,1.0505249251858266,-0.2577274557027673,-1.197053328151644,-0.3403905734976885
0.6985131027661469,0.13373251482809856,1.0521622940245776,-0.2573772117054219,-1.1974102631989605,-0.34061273884541704
0.6966690839470946,0.13249318587522024,1.053796079161999,-0.25702427517101545,-1.1977637369611982,-0.34083485419323134
0.6948197406908591,0.13125405514755223,1.055426267432374,-0.2566686354534151,-1.1981137414267897,-0.34105692159586704
0.6929650615243415,0.1300151276579868,1.0570528455810786,-0.25631028192695315,-1.1984602686416377,-0.3412789431656414
0.6911050350449178,0.1287764085678047,1.0586758002651866,-0.25594920397572923,-1.1988033107105855,-0.34150092107744634
0.6892396499185897,0.127537903189329,1.0602951180529787,-0.2555853910062882,-1.1991428598006333,-0.341722857565151
0.687368894883654,0.1262996169879887,1.0619107854243688,-0.2552188324410934,-1.199478908142801,-0.3419447549250712
0.6854927587521259,0.12506155558464435,1.0635227887709646,-0.25484951771991965,-1.1998114480345825,-0.3421666155165229
0.6836112304102137,0.12382372475807663,1.065131114395987,-0.25447743630457625,-1.200140471842716,-0.34238844176117017
0.6817242988207551,0.12258613044726434,1.0667357485145088,-0.2541025776768977,-1.2004659720054642,-0.3426102361448382
0.6798319530242559,0.12134877875385727,1.0683366772534866,-0.2537249313416247,-1.200787941035339,-0.34283200121754326
0.6779341821407608,0.12011167594458155,1.0699338866519181,-0.25334448682648486,-1.2011063715216015,-0.34305373959454566
0.6760309753707763,0.11887482845377975,1.071527362660873,-0.25296123368557727,-1.2014212561330935,-0.34327545395620385
0.6741223219996659,0.1176382428855872,1.0731170911440657,-0.25257516149094134,-1.201732587620197,-0.3434971470521315
0.6722082113938739,0.11640192601707446,1.0747030578771646,-0.25218625985215476,-1.202040358818955,-0.3437188216951561
0.6702886330074403,0.11516588480023612,1.0762852485487162,-0.25179451840075423,-1.2023445626525766,-0.3439404807680838
0.668363576383719,0.11393012636455528,1.0778636487603237,-0.25139992679120676,-1.2026451921342312,-0.3441621272244276
0.6664330311517636,0.1126946580202203,1.0794382440260173,-0.25100247472002096,-1.2029422403712486,-0.3443837640825717
0.6644969870338456,0.1114594872600832,1.081009019773352,-0.25060215190704116,-1.2032357005665144,-0.3446053944336538
0.6625554338441146,0.11022462176266805,1.0825759613431483,-0.25019894810695176,-1.2035255660221837,-0.34482702143848926
0.660608361491812,0.10899006939468339,1.084139053989936,-0.24979285310537017,-1.2038118301422496,-0.34504864833007803
0.6586557599812803,0.10775583821393833,1.0856982828819375,-0.2493838567258375,-1.2040944864360434,-0.3452702784121779
0.656697619415308,0.10652193647189427,1.0872536331015419,-0.24897194882561113,-1.2043735285208272,-0.345491915061913
0.6547339299949054,0.10528837261665823,1.0888050896452728,-0.24855711930353566,-1.2046489501254276,-0.3457135617280308
0.6527646820242557,0.10405515529542274,1.0903526374245318,-0.24813935809058146,-1.2049207450925767,-0.34593522193540727
0.6507898659096467,0.10282229335760615,1.091896261265454,-0.24771865516067362,-1.2051889073828044,-0.34615689928222837
0.6488094721621717,0.10158979585760144,1.0934359459093383,-0.247295000528899,-1.2054534310774463,-0.34637859744172633
0.6468234913995304,0.1003576720576565,1.0949716760129589,-0.24686838425280833,-1.2057143103819288,-0.3466003201627991
0.6448319143492534,0.0991259314306106,1.0965034361490795,-0.24643879642905578,-1.205971539628699,-0.3468220712722927
0.6428347318458326,0.09789458366335854,1.0980312108061179,-0.24600622721031956,-1.2062251132817956,-0.34704385467000665
0.6408319348394284,0.09666363865903332,1.099554984389483,-0.2455706667838518,-1.2064750259385306,-0.347265674337471
0.638823514392874,0.09543310654053234,1.1010747412212296,-0.24513210538894545,-1.2067212723341234,-0.34748753433274054
0.6368094616843839,0.09420299765342874,1.1025904655405636,-0.24469053331549617,-1.2069638473450046,-0.3477094387919795
0.6347897680107684,0.09297332256885799,1.1041021415044185,-0.24424594090098992,-1.2072027459920178,-0.34793139193160244
0.632764424787875,0.09174409208673275,1.1056097531876516,-0.24379831853669237,-1.2074379634443353,-0.34815339804710654
0.6307334235528435,0.09051531723878661,1.1071132845835139,-0.2433476566679054,-1.2076694950230018,-0.34837546151402976
0.6286967559681261,0.08928700929145467,1.1086127196043802,-0.24289394578851803,-1.2078973362041003,-0.348597586790938
0.6266544138197836,0.08805917974939746,1.110108042081682,-0.24243717645437182,-1.2081214826233118,-0.3488197784156768
0.6246063890221334,0.08683184035835644,1.1115992357667521,-0.24197733927585816,-1.2083419300790192,-0.34904204100904374
0.6225526736176156,0.08560500310857018,1.1130862843310145,-0.24151442492620973,-1.208558674536609,-0.3492643792728443
0.6204932597809827,0.08437868023772234,1.1145691713667858,-0.24104842413575062,-1.208771712131761,-0.34948679799295074
0.6184281398201895,0.08315288423428041,1.116047880387628,-0.24057932769696724,-1.2089810391745675,-0.3497093020384845
0.6163573061792,0.08192762784066226,1.1175223948289934,-0.24010712646338317,-1.2091866521532915,-0.3499318963632078
0.6142807514377789,0.08070292405673563,1.118992698048459,-0.23963181135825612,-1.209388547738827,-0.35015458600340194
0.6121984683171804,0.07947878614270205,1.120458773326782,-0.2391533733642633,-1.2095867227878148,-0.35037737608249625
0.6101104496768466,0.07825522762298678,1.1219206038677567,-0.23867180354224063,-1.2097811743479605,-0.350600271805362
0.6080166885225662,0.07703226228889996,1.1233781727996295,-0.23818709301305038,-1.2099718996606672,-0.3508232784656943
0.6059171780049655,0.07580990420236682,1.1248314631752216,-0.23769923297065096,-1.2101588961659837,-0.3510464014422899
0.6038119114205632,0.0745881676993981,1.1262804579724253,-0.2372082146868984,-1.2103421615069994,-0.35126964619825835
0.6017008822169896,0.07336706739313074,1.1277251400952617,-0.2367140295030866,-1.2105216935333094,-0.3514930182849194
0.5995840839942952,0.07214661817731684,1.1291654923744314,-0.23621666883409373,-1.210697490305434,-0.3517165233412117
0.5974615105051847,0.07092683522992789,1.1306014975677467,-0.23571612417596097,-1.2108695500995164,-0.35194016709187015
0.5953331556589994,0.06970773401638765,1.1320331383610684,-0.23521238710156778,-1.2110378714111947,-0.3521639553498064
0.5931990135223401,0.06848933029317802,1.1334603973688255,-0.2347054492670521,-1.2112024529603158,-0.3523878940146701
0.5910590783233579,0.0672716401110615,1.1348832571350191,-0.23419530240663602,-1.2113632936947942,-0.3526119890754863
0.5889133444509274,0.06605467981886992,1.136301700133584,-0.23368193834372042,-1.2115203927957143,-0.35283624660752866
0.5867618064594768,0.06483846606670289,1.137715708769504,-0.23316534898408867,-1.2116737496811871,-0.353060672775495
0.5846044590695444,0.06362301580958997,1.1391252653793833,-0.23264552632270785,-1.2118233640111824,-0.3532852738318569
0.5824412971735322,0.06240834631061879,1.140530352232697,-0.2321224624341972,-1.2119692356912408,-0.3535100561209528
0.5802723158306999,0.06119447514520234,1.1419309515317086,-0.2315961494971429,-1.2121113648786583,-0.35373502607112134
0.5780975102757145,0.059981420203932295,1.1433270454131053,-0.23106657977586523,-1.2122497519856155,-0.35396019020181974
0.5759168759184499,0.05876919969635537,1.1447186159485505,-0.23053374562972406,-1.21238439768433,-0.35418555512100397
0.5737304083465598,0.057557832154476685,1.146105645145607,-0.2299976395137501,-1.212515302911635,-0.3544111275255494
0.5715381033278052,0.05634733643627762,1.1474881149486407,-0.2294582539800914,-1.2126424688736008,-0.35463691420135046
0.5693399568125129,0.05513773172924492,1.1488660072397598,-0.22891558167909562,-1.2127658970501938,-0.35486292202353104
0.5671359649337518,0.05392903755411062,1.1502393038394974,-0.22836961536750008,-1.2128855892004367,-0.3550891579541207
0.5649261240129131,0.05272127376807195,1.1516079865081652,-0.22782034789989558,-1.2130015473664253,-0.35531562904559655
0.5627104305601538,0.05151446056851139,1.1529720369466043,-0.2272677722361738,-1.2131137738785036,-0.35554234243876537
0.5604888812772373,0.050308618496479274,1.1543314367972395,-0.22671188144157245,-1.213222271359909,-0.3557693053632226
0.558261473058668,0.04910376844036179,1.1556861676449577,-0.22615266869201708,-1.2133270427318594,-0.35599652513592744
0.5560282029945308,0.04789993163933832,1.1570362110181929,-0.22559012727422903,-1.21342809121821,-0.35622400916157315
0.553789068374385,0.04669712968676773,1.1583815483901725,-0.22502425058264627,-1.213525420350005,-0.35645176493405845
0.5515440666874407,0.04549538453391527,1.1597221611797282,-0.22445503212779744,-1.213619033970776,-0.35667980003389393
0.5492931956251331,0.044294718493436074,1.1610580307524132,-0.2238824655373242,-1.2137089362413513,-0.3569081221281638
0.5470364530844837,0.0430951542427723,1.1623891384217342,-0.22330654455463003,-1.2137951316445335,-0.35713673897128273
0.5447738371698274,0.04189671482769977,1.1637154654502022,-0.22272726304257645,-1.2138776249901118,-0.35736565840394413
0.5425053461956513,0.04069942366576004,1.1650369930505435,-0.2221446149837926,-1.213956421419696,-0.3575948883532304
0.5402309786870956,0.03950330454988815,1.1663537023866477,-0.22155859448812892,-1.2140315264119832,-0.3578244368301683
0.5379507333854892,0.038308381651545056,1.1676655745751185,-0.2209691957848372,-1.2141029457870296,-0.3580543119326104
0.535664609246958,0.037114679524508656,1.1689725906860557,-0.22037641323579207,-1.2141706857119596,-0.3582845218407006
0.5333726054485333,0.03592222310789812,1.1702747317446973,-0.2197802413260184,-1.2142347527050978,-0.3585150748202488
0.5310747213874825,0.03473103772985406,1.1715719787323302,-0.2191806746747364,-1.2142951536415567,-0.358745979218886
0.528770956685418,0.033541149110712355,1.1728643125877387,-0.21857770803199086,-1.2143518957577655,-0.3589772434672141
0.5264613111895622,0.03235258336644204,1.1741517142083715,-0.21797133628387982,-1.2144049866566482,-0.359208876076918
0.5241457849751222,0.0311653670119335,1.1754341644516417,-0.2173615544544353,-1.2144544343125234,-0.35944088563999466
0.5218243783501667,0.029979526964022674,1.176711644136521,-0.21674835770005865,-1.2145002470755057,-0.3596732808305484
0.5194970918544184,0.02879509054506845,1.1779841340444888,-0.21613174132217502,-1.2145424336771422,-0.35990607040016565
0.517163926263692,0.02761208548594001,1.1792516149211114,-0.2155117007630035,-1.2145810032348539,-0.36013926317915124
0.5148248825933353,0.026430539929081877,1.1805140674775394,-0.21488823160435092,-1.2146159652566204,-0.36037286807666247
0.512479962094958,0.025250482432160163,1.1817714723912938,-0.21426132958635885,-1.2146473296469456,-0.360606894073813
0.5101291662663907,0.024071941970417444,1.183023810308496,-0.2136309905869245,-1.2146751067101724,-0.36084135023048636
0.5077724968487817,0.02289494794019843,1.1842710618447367,-0.21299721063936108,-1.2146993071563421,-0.3610762456787219
0.5054099558317572,0.02171953016167122,1.1855132075868238,-0.21235998592612346,-1.2147199421054293,-0.3613115896244282
0.5030415454553389,0.02054571888179983,1.1867502280942013,-0.21171931278217124,-1.2147370230921783,-0.3615473913456659
0.5006672682108935,0.019373544777352147,1.1879821039002896,-0.2110751877011645,-1.2147505620711034,-0.3617836601898977
0.49828712684391796,0.01820303895769214,1.1892088155140417,-0.21042760733622662,-1.2147605714211136,-0.36202040557308357
0.49590112435786554,0.01703423296739847,1.190430343421609,-0.2097765684976791,-1.21476706394984,-0.3622576369797731
0.4935092640163535,0.015867158788990032,1.1916466680878703,-0.20912206815554235,-1.214770052898303,-0.36249536396148585
0.4911115493423308,0.014701848845861145,1.1928577699576648,-0.2084641034509092,-1.2147695519460866,-0.3627335961319366
0.48870798412466765,0.013538336004468984,1.1940636294578029,-0.20780267168558103,-1.214765575215052,-0.362972343169796
0.48629857241892926,0.012376653576981166,1.1952642269984919,-0.20713777032875125,-1.2147581372740868,-0.3632116148154389
0.4838833185474555,0.011216835323922631,1.1964595429747238,-0.20646939702564143,-1.2147472531439778,-0.3634514208669576
0.48146222710653686,0.010058915456090773,1.1976495577683832,-0.20579754958548963,-1.2147329383008312,-0.3636917711833247
0.47903530296288666,0.008902928637373738,1.1988342517493087,-0.20512222600064886,-1.2147152086814936,-0.36393267567663407
0.47660255126358564,0.007748909986266445,1.2000136052777008,-0.20444342442656593,-1.2146940806863504,-0.3641741443179456
0.4741639774290838,0.006596895078825672,1.2011875987048828,-0.2037611432108546,-1.2146695711852462,-0.3644161871259212
0.4717195871635954,0.005446919949978559,1.2023562123757812,-0.2030753808719711,-1.2146416975200693,-0.3646588141730039
0.4692693864523881,0.0042990210959165795,1.2035194266301434,-0.20238613611580134,-1.2146104775097208,-0.364902035578294
0.46681338156957053,0.003153235475448701,1.2046772218047799,-0.20169340782193482,-1.2145759294530165,-0.36514586151094813
0.4643515790718896,0.0020096005125245513,1.2058295782344928,-0.2009971950701775,-1.2145380721341685,-0.36539030217946866
0.46188398580890233,0.0008681540971777908,1.206976476254574,-0.20029749711993627,-1.2144969248250725,-0.3656353678373828
0.45941060892253494,-0.00027106541268392536,1.2081178962023071,-0.19959431342012127,-1.2144525072895043,-0.36588106877820137
0.4569314558481489,-0.0014080191897105415,1.2092538184186363,-0.19888764361464092,-1.2144048397869671,-0.36612741533185783
0.45444653431762155,-0.0025426679358661825,1.210384223250026,-0.19817748754210837,-1.214353943075993,-0.3663744178630954
0.45195585236320857,-0.0036749718813293246,1.2115090910504198,-0.19746384523329216,-1.2142998384172898,-0.3666220867705867
0.4494594183178922,-0.004804890783230274,1.212628402182875,-0.19674671691857662,-1.2142425475773522,-0.36687043248248447
0.44695724081611793,-0.005932383924526315,1.21374213702126,-0.19602610303421514,-1.2141820928319311,-0.3671194654523319
0.44444932880213117,-0.007057410113669515,1.2148502759526432,-0.1953020042070041,-1.2141184969679861,-0.3673691961624439
0.4419356915259246,-0.008179927683324225,1.2159527993785775,-0.19457442127408667,-1.2140517832877782,-0.3676196351149506
0.4394163385480684,-0.009299894489984523,1.2170496877171988,-0.19384335527748559,-1.2139819756112162,-0.36787079283160107
0.4368912797409584,-0.010417267913416715,1.2181409214050156,-0.1931088074687464,-1.2139090982787402,-0.3681226798499687
0.43436052529295854,-0.01153200485648619,1.2192264808989624,-0.19237077930537774,-1.2138331761535348,-0.36837530672245833
0.4318240857067653,-0.012644061744641605,1.220306346677958,-0.19162927246350953,-1.2137542346246393,-0.36862868400957144
0.42928197180718364,-0.013753394526328315,1.2213804992452957,-0.19088428882401898,-1.2136722996082534,-0.36888282228238656
0.426734194739205,-0.014859958672739568,1.2224489191301973,-0.19013583048589608,-1.2135873975506157,-0.369137732115445
0.42418076597046933,-0.015963709178085986,1.2235115868897604,-0.18938389976719244,-1.213499555429946,-0.36939342408391035
0.4216216972934113,-0.01706460055999897,1.2245684831108874,-0.18862849920680402,-1.2134088007582924,-0.3696499087603706
0.4190570008292562,-0.018162586860247555,1.2256195884123735,-0.18786963156104286,-1.2133151615828794,-0.36990719671339223
0.41648668902753294,-0.019257621645230805,1.226664883446632,-0.1871072998126573,-1.2132186664881233,-0.37016529850165897
0.4139107746706586,-0.020349658007078688,1.2277043489018464,-0.18634150716564676,-1.2131193445965376,-0.37042422467300784
0.4113292708732929,-0.02143864856447306,1.228737965503695,-0.1855722570545695,-1.2130172255704161,-0.3706839857583302
0.4087421910856837,-0.022524545463987248,1.2297657140174114,-0.18479955314266458,-1.2129123396126011,-0.3709445922693155
0.40614954909669143,-0.02360730038155795,1.2307875752498296,-0.18402339932082196,-1.2128047174671892,-0.37120605469584284
0.4035513590341133,-0.024686864523927144,1.2318035300512036,-0.18324379971395582,-1.2126943904204592,-0.3714683835007038
0.40094763536731215,-0.02576318863045991,1.232813559317226,-0.18246075868091047,-1.212581390301237,-0.37173158911653237
0.3983383929091264,-0.02683622297508259,1.233817643990991,-0.18167428081627857,-1.2124657494811855,-0.3719956819419946
0.39572364681749483,-0.02790591736839569,1.234815765064936,-0.180884370952925,-1.2123475008749303,-0.3722606723376712
0.39310341259879467,-0.028972221160108117,1.2358079035829246,-0.18009103415970654,-1.2122266779397222,-0.3725265706235597
0.39047770610605237,-0.030035083241277353,1.2367940406419238,-0.17929427575320225,-1.2121033146757128,-0.37279338707159804
0.3878465435450902,-0.031094452047367077,1.2377741573943122,-0.17849410128754153,-1.2119774456247108,-0.3730611319058103
0.3852099414727969,-0.03215027556089021,1.2387482350495664,-0.17769051656576682,-1.211849105870029,-0.373329815294835
0.38256791680212376,-0.033202501314791306,1.2397162548764762,-0.17688352763266432,-1.2117183310349977,-0.3735994473508995
0.37992048680085644,-0.034251076395551645,1.240678198204872,-0.17607314078453293,-1.2115851572822585,-0.37387003812278297
0.37726766909403975,-0.0352959474467922,1.241634046427642,-0.1752593625688416,-1.2114496213122508,-0.374141597592274
0.37460948166755403,-0.03633706067318306,1.2425837810028266,-0.17444219978067038,-1.2113117603612586,-0.37441413567170356
0.3719459428683458,-0.03737436184431265,1.2435273834554599,-0.17362165946816271,-1.2111716121997862,-0.3746876621982516
0.36927707140421084,-0.03840779629875451,1.2444648353793768,-0.1727977489390597,-1.2110292151307143,-0.3749621869278175
0.3666028863505336,-0.039437308948880576,1.2453961184395326,-0.17197047574823837,-1.2108846079861435,-0.37523771953551827
0.3639234071454818,-0.04046284428502926,1.2463212143734645,-0.17113984771646468,-1.2107378301258,-0.3755142696051542
0.36123865359374213,-0.04148434638056113,1.2472401049933843,-0.17030587292582539,-1.2105889214338275,-0.3757918466268236
0.3585486458724957,-0.04250175889730562,1.2481527721884151,-0.16946855970905553,-1.2104379223149757,-0.3760704599966433
0.35585340452709446,-0.04351502509047234,1.2490591979260817,-0.16862791666655755,-1.2102848736921568,-0.376350119006671
0.353152950475598,-0.04452408781446421,1.2499593642544344,-0.16778395265935425,-1.2101298170023345,-0.376630832843253
0.3504473050052888,-0.04552888952835727,1.2508532533035923,-0.166936676823507,-1.2099727941933596,-0.3769126105777568
0.3477364897815415,-0.04652937230249903,1.251740847288157,-0.16608609855117834,-1.2098138477186924,-0.3771954611690349
0.345020526843366,-0.04752547782441158,1.2526221285086687,-0.16523222750740033,-1.2096530205338285,-0.3774793934532408
0.3422994386065803,-0.04851714740546644,1.2534970793535984,-0.16437507362617243,-1.2094903560913286,-0.3777644161409051
0.3395732478649982,-0.04950432198770218,1.2543656823011853,-0.16351464711176783,-1.2093258983358177,-0.3780505378121302
0.33684197779360925,-0.05048694215099438,1.2552279199214031,-0.1626509584345722,-1.2091596916984637,-0.3783377669136909
0.3341056519435202,-0.05146494811993056,1.256083774877351,-0.1617840183487568,-1.208991781092336,-0.37862611174837135
0.3313642942502813,-0.05243827977186794,1.2569332299275446,-0.1609138378740741,-1.2088222119055132,-0.37891558047696144
0.3286179290296187,-0.05340687664436372,1.2577762679273412,-0.16004042831109672,-1.2086510299957511,-0.3792061811083953
0.32586658098142607,-0.05437067794344844,1.258612871830909,-0.15916380123427917,-1.2084782816836497,-0.3794979214977087
0.323110275188576,-0.05532962255178995,1.2594430246928325,-0.1582839684986404,-1.2083040137462568,-0.37979080933914783
0.32034903712103574,-0.05628364903748733,1.2602667096700606,-0.15740094223220646,-1.2081282734096361,-0.38008485216430354
0.3175828926320733,-0.05723269566257935,1.2610839100233144,-0.15651473484924686,-1.2079511083422398,-0.38038005733285396
0.31481186796128807,-0.058176700392292426,1.2618946091189316,-0.15562535904523872,-1.2077725666470078,-0.3806764320297639
0.3120359897368299,-0.05911560090447824,1.262698790430637,-0.15473282779383082,-1.2075926968532935,-0.38097398326176674
0.3092552849743731,-0.060049334599110944,1.2634964375410835,-0.15383715435221137,-1.2074115479089091,-0.3812727178508479
0.30646978107876915,-0.06097783860820793,1.2642875341435582,-0.15293835225920527,-1.2072291691715453,-0.38157264243030325
0.30367950583971137,-0.06190104980563572,1.2650720640432842,-0.15203643534894618,-1.2070456104006402,-0.38187376343525203
0.30088448744178836,-0.06281890481812094,1.2658500111596056,-0.15113141772649955,-1.2068609217469868,-0.3821760871066687
0.2980847544552278,-0.06373134003524791,1.2666213595269584,-0.15022331379409135,-1.2066751537447125,-0.3824796194774301
0.29528033584212354,-0.06463829162073555,1.267386093296771,-0.14931213823641945,-1.2064883573007759,-0.3827843663729066
0.2924712609540878,-0.06553969552342159,1.2681441967388258,-0.14839790602829556,-1.2063005836853562,-0.38309033340361603
0.289657559536249,-0.06643548748891208,1.268895654242976,-0.1474806324254648,-1.206111884521059,-0.3833975259638776
0.2868392617199893,-0.06732560307076181,1.2696404503201744,-0.14656033298466042,-1.2059223117733444,-0.38370594922006035
0.28401639803212236,-0.06820997764297573,1.2703785696044574,-0.145637023540473,-1.205731917738412,-0.3840156081142326
0.2811889993871555,-0.06908854641167551,1.2711099968539032,-0.14471072022619685,-1.2055407550330708,-0.3843265073521537
0.27835709709178413,-0.06996124442781285,1.2718347169522926,-0.14378143946251945,-1.2053488765826363,-0.38463865140274917
0.27552072284523693,-0.07082800659984884,1.272552714910498,-0.1428491979568417,-1.205156335609128,-0.38495204449382886
0.2726799087332262,-0.07168876770631209,1.273263975867483,-0.14191401271897988,-1.2049631856199206,-0.38526669060196544
0.2698346872373526,-0.07254346240954451,1.273968485092167,-0.14097590103647564,-1.2047694803941538,-0.3855825934568447
0.2669850912253357,-0.07339202526851184,1.2746662279841698,-0.14003488049948856,-1.2045752739712914,-0.3858997565279248
0.26413115395815195,-0.07423439075290589,1.275357190075487,-0.13909096898156573,-1.204380620637191,-0.38621818302690825
0.26127290908375184,-0.0750704932566452,1.2760413570313944,-0.13814418465496914,-1.204185574911637,-0.38653787589789246
0.2584103906402957,-0.07590026711221738,1.2767187146518513,-0.1371945459811044,-1.2039901915343243,-0.3868588378164732
0.2555436330539257,-0.07672364660490344,1.2773892488725798,-0.13624207171485145,-1.203794525451271,-0.387181071183918
0.25267267113894176,-0.0775405659873796,1.2780529457662484,-0.1352867809024286,-1.203598631800641,-0.38750457812370886
0.24979754009584146,-0.07835095949442225,1.2787097915435166,-0.1343286928845171,-1.2034025658985383,-0.3878293604762484
0.2469182755135029,-0.07915476135807704,1.2793597725542716,-0.13336782728846627,-1.2032063832240225,-0.38815541979754603
0.24403491336385308,-0.07995190582259858,1.2800028752884425,-0.13240420403957967,-1.203010139404764,-0.38848275735111215
0.24114749000409386,-0.08074232716004656,1.2806390863771882,-0.13143784335268904,-1.2028138902015153,-0.3888113741069957
0.23825604217486046,-0.08152595968585563,1.2812683925938424,-0.1304687657339391,-1.2026176914927982,-0.38914127073722127
0.23536060699978778,-0.08230273777468519,1.2818907808549058,-0.12949699197868944,-1.2024215992591756,-0.3894724476126958
0.2324612219828593,-0.08307259587633219,1.2825062382208974,-0.1285225431748289,-1.2022256695675309,-0.38980490479824087
0.22955792500954544,-0.08383546853206549,1.283114751897373,-0.12754544069611604,-1.2020299585546412,-0.39013864205129284
0.22665075434143592,-0.084591290390764,1.283716309235587,-0.1265657062118923,-1.2018345224112807,-0.3904736588147914
0.22373974861806278,-0.08533999622564568,1.2843108977334943,-0.12558336167811354,-1.2016394173652454,-0.39080995421687675
0.22082494685428095,-0.08608152095092246,1.284898505036492,-0.12459842933948169,-1.20144469966465,-0.39114752706668054
0.21790638844321308,-0.08681579963892147,1.2854791189384138,-0.12361093171709922,-1.2012504255603924,-0.39148637585542956
0.21498411314308444,-0.08754276753648726,1.286052727381715,-0.12262089163689546,-1.201056651290216,-0.3918264987429368
0.21205816108797573,-0.08826236008284122,1.2866193184587869,-0.1216283321968107,-1.2008634330598535,-0.39216789356628445
0.2091285727778108,-0.08897451292646721,1.2871788804122428,-0.12063327678659849,-1.2006708270263076,-0.39251055782961963
0.20619538908283944,-0.08967916194289932,1.2877314016358714,-0.11963574907044927,-1.2004788892793352,-0.39285448870748557
0.2032586512331926,-0.0903762432518627,1.2882768706748597,-0.1186357730072468,-1.20028767582438,-0.3931996830346544
0.2003184008252344,-0.09106569323541586,1.288815276226773,-0.11763337282787792,-1.2000972425634755,-0.39354613731160154
0.19737467981377116,-0.09174744855546733,1.2893466071418571,-0.11662857304814615,-1.199907645277561,-0.3938938476972176
0.19442753051379802,-0.09242144617189997,1.2898708524237437,-0.11562139845720099,-1.1997189396075507,-0.39424281001049766
0.19147699559291365,-0.09308762336030867,1.290388001229719,-0.11461187412929105,-1.1995311810363036,-0.3945930197239039
0.18852311807332645,-0.09374591773031614,1.29089804287139,-0.11360002541094455,-1.1993444248694018,-0.39494447196575544
0.18556594133122783,-0.09439626724384702,1.2914009668152044,-0.11258587791453714,-1.1991587262160808,-0.3952971615204302
0.18260550908461065,-0.09503861023287623,1.2918967626824458,-0.11156945754070535,-1.198974139971266,-0.39565108281823447
0.17964186540165283,-0.09567288541829036,1.2923854202500982,-0.11055079044854729,-1.1987907207953192,-0.3960062299443412
0.17667505469156872,-0.09629903192791142,1.2928669294509274,-0.10952990306977078,-1.1986085230955503,-0.39636259663192447
0.17370512170303096,-0.09691698931494463,1.2933412803738618,-0.10850682210341756,-1.198427601006819,-0.3967201762624698
0.17073211151913198,-0.09752669757631566,1.2938084632642057,-0.10748157451900209,-1.1982480083723932,-0.3970789618631732
0.1677560695597725,-0.0981280971713504,1.2942684685241468,-0.10645418754065478,-1.1980697987240614,-0.39743894611138414
0.1647770415707628,-0.09872112903987144,1.2947212867126738,-0.10542468866437074,-1.1978930252634303,-0.397800121327155
0.1617950736299905,-0.09930573462108626,1.2951669085461894,-0.10439310563206382,-1.1977177408415516,-0.3981624794816501
0.15881021213345745,-0.09988185587153621,1.2956053248982726,-0.10335946645585897,-1.1975439979404463,-0.3985260121874193
0.15582250380143062,-0.10044943528396283,1.2960365268002352,-0.10232379939159389,-1.1973718486526719,-0.3988907107073089
0.15283199566793104,-0.1010084159053813,1.2964605054409892,-0.10128613295380909,-1.1972013446624723,-0.3992565659484194
0.14983873508246054,-0.10155874135567583,1.2968772521673828,-0.10024649589975292,-1.1970325372257726,-0.3996235684675037
0.1468427696980299,-0.10210035584553194,1.297286758483978,-0.09920491724736374,-1.196865477151451,-0.3999917084641269
0.1438441474765276,-0.1026332041950959,1.2976890160534844,-0.09816142624956023,-1.1967002147810346,-0.400360975789924
0.14084291668073812,-0.10315723185195316,1.2980840166966585,-0.09711605240163082,-1.1965367999696779,-0.4007313599459404
0.13783912586994834,-0.10367238490920423,1.2984717523923197,-0.09606882543933153,-1.1963752820668347,-0.4011028500835174
0.1348328238966674,-0.10417861012349221,1.2988522152773987,-0.0950197753338966,-1.1962157098969157,-0.4014754350064667
0.13182405990140109,-0.1046758549328522,1.2992253976468904,-0.09396893229160189,-1.1960581317401613,-0.40184910317173955
0.12881288330892185,-0.10516406747450102,1.2995912919538537,-0.09291632674929252,-1.1959025953135103,-0.40222384269173517
0.12579934382505567,-0.10564319660254469,1.2999498908094047,-0.09186198936832958,-1.1957491477514781,-0.40259964133734677
0.1227834914299083,-0.10611319190538243,1.300301186982578,-0.09080595103710222,-1.195597835587496,-0.40297648653803986
0.119765376374607,-0.1065740037231351,1.300645173400291,-0.08974824286448667,-1.195448704735036,-0.403354365385401
0.11674504917560696,-0.10702558316479635,1.3009818431472182,-0.08868889617907258,-1.1953018004691067,-0.40373326463474146
0.11372256061242163,-0.10746788212537431,1.301311189465764,-0.087627942519585,-1.1951571674075996,-0.4041131707100876
0.1106979617202438,-0.1079008533026415,1.301633205755851,-0.0865654136377197,-1.195014849493221,-0.4044940697047871
0.10767130378633744,-0.10832445021384285,1.301947885574828,-0.08550134149131741,-1.1948748899753048,-0.40487594738581884
0.10464263834241141,-0.10873862721206003,1.302255222637231,-0.08443575824722688,-1.1947373313921066,-0.40525878919470726
0.10161201716541537,-0.10914333950268405,1.3025552108148157,-0.08336869626299813,-1.1946022155526617,-0.4056425802563727
0.09857949226472466,-0.10953854315913494,1.3028478441361322,-0.08230018810205435,-1.1944695835199153,-0.4060273053758499
0.09554511588428954,-0.10992419513894369,1.3031331167865792,-0.08123026651148856,-1.1943394755928998,-0.4064129490488912
0.09250894048944645,-0.11030025329899412,1.3034110231079583,-0.0801589644375999,-1.1942119312903439,-0.406799495458867
0.08947101876899298,-0.11066667641108971,1.3036815575985106,-0.07908631500335367,-1.1940869893333734,-0.40718692848781335
0.08643140362399403,-0.11102342417676414,1.3039447149125236,-0.07801235151843823,-1.1939646876294647,-0.4075752317156567
0.08339014816873828,-0.11137045724226172,1.3042004898603121,-0.07693710745900033,-1.1938450632557833,-0.40796438843074484
0.0803473057150624,-0.11170773721264263,1.304448877407689,-0.07586061648825851,-1.1937281524440067,-0.4083543816254925
0.07730292977700927,-0.11203522666630912,1.3046898726760472,-0.07478291242659094,-1.1936139905639935,-0.408745194010768
0.07425707405918656,-0.11235288916865922,1.3049234709419453,-0.07370402926168405,-1.1935026121089245,-0.409136808015692
0.07120979245073693,-0.1126606892856225,1.3051496676368655,-0.07262400114455794,-1.1933940506803606,-0.40952920579277685
0.06816113902267001,-0.11295859259699177,1.305368458347063,-0.07154286237707094,-1.1932883389734048,-0.4099223692263536
0.06511116801915522,-0.11324656570921282,1.30557983881324,-0.07046064741410599,-1.1931855087626255,-0.41031627993573544
0.06205993385178632,-0.11352457626793376,1.305783804930308,-0.0693773908581944,-1.1930855908881333,-0.4107109192813038
0.05900749109730515,-0.11379259297031483,1.305980352747243,-0.068293127445406,-1.1929886152418034,-0.41110626837395875
0.05595389448341464,-0.1140505855766077,1.3061694784666136,-0.06720789206039317,-1.1928946107546217,-0.4115023080739536
0.05289919888768913,-0.1142985249217736,1.3063511784444752,-0.06612171971893399,-1.1928036053835944,-0.41189901900184367
0.049843459332012424,-0.11453638292658772,1.3065254491901406,-0.06503464556131774,-1.1927156260993468,-0.4122963815455704
0.046786730974147636,-0.11476413260827018,1.3066922873658733,-0.06394670485260519,-1.1926306988742892,-0.4126943758651368
0.04372906910414395,-0.11498174809086824,1.3068516897867177,-0.06285793297079334,-1.192548848670929,-0.413092981901869
0.04067052913467017,-0.11518920461506875,1.3070036534201692,-0.06176836540975715,-1.1924700994309378,-0.4134921793823418
0.03761116659350294,-0.11538647854766496,1.3071481753859147,-0.060678037776712455,-1.192394474064538,-0.41389194782444483
0.03455103712169386,-0.11557354739076796,1.3072852529557148,-0.0595869857755471,-1.1923219944400099,-0.41429226654877893
0.03149019646047314,-0.11575038979029047,1.3074148835530124,-0.05849524521770889,-1.1922526813742633,-0.4146931146799843
0.028428700449983423,-0.11591698554432309,1.3075370647528415,-0.057402852003844956,-1.1921865546232364,-0.41509447115897874
0.025366605023430782,-0.1160733156109509,1.3076517942816244,-0.05630984211658145,-1.1921236328730085,-0.4154963147511825
0.022303966195009437,-0.11621936211548205,1.3077590700168311,-0.0552162516284757,-1.1920639337316903,-0.41589862404923233
0.019240840057151105,-0.11635510835745087,1.3078588899868686,-0.054122116686919124,-1.192007473721339,-0.4163013774843082
0.01617728276945722,-0.11648053881698807,1.3079512523707844,-0.0530274735193673,-1.1919542682707454,-0.41670455333003215
0.013113350556402408,-0.11659563916094517,1.3080361554981785,-0.051932358416909394,-1.1919043317082914,-0.417108129714462
0.010049099702145367,-0.11670039624848098,1.3081135978490546,-0.050836807724852454,-1.1918576772554679,-0.4175120846295733
0.006984586534812946,-0.11679479813593488,1.3081835780534512,-0.049740857859065554,-1.1918143170213682,-0.41791639593128643
0.003919867429403352,-0.11687883408169082,1.3082460948914905,-0.04864454527651182,-1.191774261996821,-0.4183210413565108
0.000854998792788891,-0.11695249455013976,1.308301147293047,-0.04754790648966795,-1.1917375220498514,-0.41872599852401926
-0.0022099629388182933,-0.11701577121546154,1.3083487343376972,-0.046450978050273206,-1.1917041059211044,-0.41913124494673254
-0.005274961304909108,-0.11706865696486336,1.3083888552546181,-0.04535379653918348,-1.191674021219911,-0.41953675804180107
-0.008339939833010328,-0.11711114590119909,1.3084215094223504,-0.04425639857407334,-1.191647274421154,-0.4199425151341326
-0.01140484204272302,-0.11714323334526996,1.3084466963687413,-0.04315882079673453,-1.191623870862337,-0.42034849346751857
-0.014469611452832168,-0.11716491583758967,1.3084644157708376,-0.04206109986788556,-1.1916038147412942,-0.42075467021302326
-0.017534191589264465,-0.11717619113964813,1.3084746674547665,-0.04096327246403922,-1.191587109114457,-0.42116102247664655
-0.020598525988350182,-0.1171770582349763,1.3084774513955455,-0.0398653752678408,-1.1915737558947104,-0.4215675273152036
-0.023662558209879128,-0.11716751732965591,1.3084727677166277,-0.03876744498213133,-1.1915637558496666,-0.4219741617430744
-0.02672623184085586,-0.11714756985032347,1.3084606166915433,-0.03766951827374402,-1.1915571086087056,-0.4223809027104131
-0.029789490507792275,-0.11711721844547482,1.3084409987419572,-0.03657163183237608,-1.1915538126555956,-0.4227877271470917
-0.032852277872846475,-0.11707646698343305,1.308413914438753,-0.03547382231309313,-1.1915538653331967,-0.42319461196138364
-0.035914537647434415,-0.11702532055201735,1.308379364500678,-0.03437612637270072,-1.1915572628395452,-0.42360153406251205
-0.038976213598724864,-0.11696378545449344,1.3083373497960051,-0.03327858062708527,-1.191564000237478,-0.4240084703416506
-0.04203724955700785,-0.11689186920840876,1.3082878713412893,-0.03218122167279315,-1.1915740714514733,-0.4244153977004535
-0.045097589426119675,-0.11680958054146134,1.3082309303021822,-0.03108408607372035,-1.1915874692747743,-0.4248222930437119
-0.0481571771799106,-0.11671692938919928,1.308166527992695,-0.029987210346206057,-1.1916041853683417,-0.42522913331002987
-0.05121595688052741,-0.11661392689009539,1.3080946658756594,-0.02889063097045867,-1.191624210268102,-0.4256358954613923
-0.05427387267775478,-0.11650058538137066,1.3080153455627157,-0.027794384369566657,-1.1916475333885623,-0.4260425565007847
-0.05733086881940776,-0.11637691839399184,1.3079285688143,-0.026698506912857307,-1.1916741430279636,-0.4264490934774698
-0.060386889655262524,-0.11624294064734592,1.307834337539689,-0.02560303490410107,-1.1917040263735732,-0.4268554834985418
-0.06344187964940583,-0.11609866804319531,1.3077326537970744,-0.024508004588571972,-1.1917371695083208,-0.4272617037312508
-0.06649578338227874,-0.11594411765845705,1.3076235197944912,-0.023413452126764933,-1.191773557421142,-0.4276677314082632
-0.06954854555497085,-0.11577930774226683,1.307506937886731,-0.022319413622322582,-1.19181317399849,-0.4280735438685612
-0.0726001110051246,-0.11560425770320602,1.3073829105798709,-0.021225925083051607,-1.1918560020542275,-0.4284791185133447
-0.07565042470379867,-0.11541898810524055,1.3072514405285693,-0.02013302242823286,-1.191902023323302,-0.42888443285141736
-0.07869943176644428,-0.11522352065872966,1.3071125305368156,-0.019040741485394162,-1.1919512184737704,-0.4292894644963463
-0.08174707746341171,-0.11501787821187563,1.3069661835579887,-0.017949117994996978,-1.192003567115823,-0.42969419117084207
-0.08479330721614378,-0.11480208474188107,1.306812402695091,-0.016858187580098504,-1.192059047811073,-0.4300985907240272
-0.08783806661129091,-0.11457616534551378,1.3066511912007734,-0.015767985760240466,-1.1921176380825689,-0.43050264113226294
-0.09088130140891133,-0.11434014622933503,1.3064825524774435,-0.01467854795099323,-1.1921793144251351,-0.430906320505211
-0.09392295753924076,-0.11409405469961525,1.3063064900774919,-0.013589909435553185,-1.1922440523160402,-0.4313096071021367
-0.09696298111950469,-0.1138379191516907,1.3061230077033135,-0.012502105385849888,-1.1923118262263113,-0.43171247932982154
-0.10000131845395346,-0.11357176905906603,1.3059321092075082,-0.01141517084257436,-1.192382609632299,-0.43211491575557087
-0.10303791603928801,-0.11329563496210694,1.3057337985930206,-0.010329140708671206,-1.192456375027695,-0.4325168951151435
-0.10607272057944891,-0.11300954845628815,1.3055280800132025,-0.009244049766119495,-1.1925330939360335,-0.4329183963119836
-0.1091056789766663,-0.11271354218023368,1.305314957772091,-0.00815993263444924,-1.1926127369234254,-0.4333193984378669
-0.11213673835080464,-0.11240764980323852,1.3050944363244281,-0.00707682379919394,-1.1926952736118408,-0.4337198807676076
-0.11516584603820242,-0.11209190601256054,1.3048665202758654,-0.005994757590059738,-1.1927806726926495,-0.43411982277223016
-0.11819294960077405,-0.11176634650032412,1.3046312143830823,-0.0049137681846192875,-1.192868901940579,-0.4345192041225962
-0.12121799682770465,-0.11143100795073266,1.3043885235534527,-0.0038338895977136607,-1.1929599282254881,-0.43491800470251024
-0.12424093574739929,-0.11108592802387905,1.3041384528471716,-0.0027551556775369285,-1.1930537175371534,-0.43531620459737774
-0.12726171462615782,-0.11073114534545386,1.3038810074743594,-0.0016776001074524111,-1.1931502349848333,-0.43571378412491213
-0.1302802819769221,-0.1103666994899013,1.3036161927972494,-0.0006012563941841841,-1.1932494448229285,-0.4361107238258756
-0.1332965865657723,-0.10999263096644461,1.3033440143297852,0.00047384212964183257,-1.1933513104639333,-0.4365070044721258
-0.1363105774138504,-0.10960898120422594,1.3030644777377467,0.0015476623178143811,-1.1934557944942306,-0.43690260707558354
-0.139322203806123,-0.10921579253713715,1.3027775888388513,0.0026201712058745467,-1.193562858690258,-0.43729751289057195
-0.14233141529430937,-0.10881310818828249,1.302483353602998,0.00369133602131737,-1.1936724640355334,-0.4376917034206604
-0.1453381617009628,-0.1084009722544988,1.3021817781522174,0.004761124188804973,-1.193784570736576,-0.438085160425689
-0.14834239312855046,-0.10797942969040068,1.3018728687608108,0.005829503324221449,-1.1938991382401045,-0.43847786592279825
-0.15134405996030365,-0.10754852629225527,1.3015566318554608,0.006896441248382883,-1.1940161252502546,-0.4388698021950403
-0.1543431128665343,-0.10710830868165576,1.3012330740153033,0.007961905986923784,-1.1941354897459664,-0.43926095179475855
-0.15733950280966483,-0.10665882428898883,1.3009022019719978,0.0090258657730677,-1.1942571889985887,-0.4396512975478786
-0.16033318104494648,-0.10620012133668694,1.3005640226098008,0.01008828906079168,-1.194381179589757,-0.44004082256188126
-0.16332409913101426,-0.10573224882234908,1.3002185429655913,0.011149144513280534,-1.1945074174292925,-0.44042951022453825
-0.16631220893150275,-0.10525525650163145,1.299865770228922,0.012208401013242417,-1.1946358577734335,-0.4408173442105402
-0.16929746261786088,-0.10476919487102296,1.29950571174204,0.013266027669952978,-1.1947664552431718,-0.44120430848676917
-0.17227981267659417,-0.10427411515044994,1.2991383749998942,0.014321993814978484,-1.194899163842698,-0.44159038731326455
-0.17525921190902588,-0.10377006926573697,1.2987637676501345,0.015376269016183844,-1.1950339369780922,-0.4419755652507505
-0.17823561343811634,-0.10325710983095467,1.2983818974930867,0.016428823073876,-1.1951707274760262,-0.4423598271614514
-0.18120897071468034,-0.1027352901306637,1.2979927724817173,0.017479626018103836,-1.1953094876025694,-0.44274315821018645
-0.1841792375172394,-0.10220466410201147,1.2975964007215812,0.01852864812148773,-1.195450169082212,-0.4431255438710078
-0.18714636795690992,-0.10166528631676747,1.297192790470754,0.01957585989919693,-1.1955927231168955,-0.44350696992896843
-0.1901103164809748,-0.10111721196325571,1.2967819501397408,0.020621232111875276,-1.1957371004051243,-0.44388742248282376
-0.19307103787617097,-0.10056049682823041,1.29636388829137,0.021664735768955327,-1.1958832511611486,-0.44426688794771835
-0.19602848727683483,-0.0999951972746791,1.295938613644034,0.02270634213717387,-1.1960311251511315,-0.4446453530385266
-0.19898262015342885,-0.09942137023953812,1.2955061350581076,0.023746022709377618,-1.1961806716447227,-0.44502280484404316
-0.20193339233855712,-0.09883907319152277,1.2950664615558989,0.024783749256227172,-1.1963318395356475,-0.44539923072024873
-0.2048807600103749,-0.0982483641286397,1.294619602308074,0.025819493807058592,-1.1964845772937793,-0.4457746183686487
-0.20782467970380875,-0.09764930155592963,1.2941655666367882,0.026853228649451198,-1.1966388330011077,-0.44614895581571895
-0.21076510831314205,-0.09704194446711256,1.2937043640154549,0.027884926332327156,-1.196794554371055,-0.44652223141461544
-0.21370200309513404,-0.0964263523262204,1.293236004068498,0.02891455966738361,-1.196951688767765,-0.44689443384613114
-0.21663532167024993,-0.09580258504924677,1.2927604965710686,0.029942101734947157,-1.19711018322538,-0.44726555212111546
-0.2195650220247635,-0.09517070298580746,1.29227785144874,0.03096752588731407,-1.1972699844672807,-0.4476355755818364
-0.22249106251460982,-0.09453076690084442,1.2917880787771912,0.03199080574737721,-1.1974310389252054,-0.4480044939014722
-0.22541340187010997,-0.09388283795640585,1.2912911887818634,0.03301191520470945,-1.1975932927582433,-0.4483722970825424
-0.22833199919420788,-0.09322697769336659,1.2907871918375742,0.034030828427648874,-1.1977566918720086,-0.4487389754610322
-0.23124681396300933,-0.09256324801324602,1.290276098468102,0.03504751986930233,-1.1979211819376392,-0.4491045197081541
-0.23415780603628647,-0.09189171116022903,1.289757919345806,0.036061964248097135,-1.1980867084103166,-0.4494689208227025
-0.23706493565097136,-0.09121242970302083,1.2892326652911275,0.037074136570879254,-1.1982532165483275,-0.4498321701387782
-0.23996816342543215,-0.09052546651694278,1.2887003472721228,0.03808401212853653,-1.1984206514315934,-0.45019425932336354
-0.24286745036503257,-0.08983088476612977,1.2881609764039847,0.03909156648803844,-1.1985889579800357,-0.450555180372471
-0.24576275786085858,-0.0891287478857531,1.2876145639484853,0.04009677550140778,-1.1987580809720204,-0.45091492561332636
-0.24865404768953997,-0.08841911956433847,1.2870611213134067,0.04109961531164675,-1.1989279650626843,-0.45127348770530973
-0.25154128202150317,-0.08770206372634637,1.2865006600520048,0.04210006233699414,-1.1990985548017168,-0.4516308596329037
-0.2544244234108134,-0.0869776445145824,1.2859331918622996,0.043098093301514415,-1.1992697946517654,-0.45198703471534807
-0.25730343481030504,-0.08624592627315546,1.2853587285865429,0.04409368520130069,-1.19944162900557,-0.4523420065927939
-0.26017827956105205,-0.08550697353013695,1.2847772822104502,0.04508681533542229,-1.1996140022040738,-0.452695769235848
-0.26304892140290176,-0.08476085098074014,1.2841888648625794,0.046077461283143106,-1.1997868585533527,-0.4530483169355035
-0.2659153244682937,-0.08400762347034589,1.2835934888135394,0.0470656009232771,-1.1999601423421689,-0.45339964430824653
-0.2687774532863191,-0.08324735597788346,1.2829911664752582,0.04805121242724736,-1.2001337978588125,-0.45374974629151404
-0.2716352727865871,-0.08248011359937141,1.2823819104002288,0.049034274252308406,-1.2003077694077353,-0.45409861813911323
-0.2744887482945655,-0.08170596153146821,1.2817657332806394,0.05001476515620405,-1.2004820013264061,-0.4544462554243012
-0.2773378455340548,-0.080924965056599,1.2811426479464727,0.050992664188348184,-1.2006564379960902,-0.45479265404051517
-0.280182530634081,-0.08013718952201752,1.2805126673690377,0.05196795069478245,-1.2008310238798061,-0.4551378101754941
-0.28302277011820487,-0.0793427003314769,1.2798758046533862,0.05294060431663324,-1.201005703505287,-0.4554817203464105
-0.2858585309130499,-0.07854156292461438,1.2792320730418845,0.0539106049907407,-1.2011804215027753,-0.4558243813717802
-0.28868978034666465,-0.07773384276281399,1.2785814859121218,0.05487793295001119,-1.2013551226148689,-0.456165790375373
-0.29151648614983355,-0.07691960531403699,1.2779240567759373,0.055842568721190915,-1.2015297517116288,-0.4565059447826292
-0.29433861645442566,-0.07609891603778084,1.2772597992783832,0.056804493129979323,-1.2017042538056173,-0.4568448423196353
-0.297156139795843,-0.07527184037036412,1.2765887271967136,0.05776368729535373,-1.2018785740664275,-0.45718248100813297
-0.2999690251091092,-0.07443844371026861,1.2759108544392588,0.05872013263998787,-1.2020526578353228,-0.4575188591662544
-0.3027772417329464,-0.073598791403899,1.2752261950443842,0.059673810879879954,-1.2022264506391378,-0.4578539754016869
-0.30558075941129037,-0.07275294873150946,1.2745347631793909,0.06062470402027673,-1.2023998982040423,-0.45818782860704654
-0.3083795482873675,-0.07190098089317647,1.2738365731392842,0.061572794370547954,-1.2025729464695096,-0.4585204179620049
-0.3111735789068406,-0.07104295299522868,1.2731316393456373,0.0625180645354513,-1.2027455416014152,-0.45885174292684944
-0.3139628222176363,-0.07017893003683344,1.272419976345392,0.06346049741469852,-1.2029176300050808,-0.4591818032389753
-0.31674724957145456,-0.06930897689686595,1.2717015988096587,0.06440007619792304,-1.2030891583379075,-0.45951059890766754
-0.3195268327180199,-0.06843315832082483,1.2709765215323718,0.06533678437822123,-1.2032600735222077,-0.4598381302155053
-0.3223015438099698,-0.06755153890828006,1.2702447594290989,0.06627060573792257,-1.2034303227570502,-0.4601643977097296
-0.3250713553999055,-0.06666418310036169,1.2695063275356875,0.06720152435442818,-1.2035998535302914,-0.46048940220078544
-0.32783624043833665,-0.06577115516750388,1.2687612410069125,0.06812952460354471,-1.2037686136303227,-0.46081314475990337
-0.3305961722783893,-0.0648725191976462,1.2680095151152122,0.06905459114499848,-1.2039365511570013,-0.4611356267102575
-0.3333511246682967,-0.06396833908433842,1.2672511652491882,0.06997670893952297,-1.204103614533149,-0.46145684962940736
-0.33610107175621023,-0.06305867851544028,1.2664862069123013,0.07089586323367782,-1.2042697525148929,-0.4617768153401293
-0.338845988087351,-0.06214360096186806,1.2657146557214118,0.07181203956439018,-1.2044349142022461,-0.4620955259082919
-0.3415858486000077,-0.06122316966655846,1.264936527405267,0.07272522376635777,-1.2045990490494702,-0.4624129836417197
-0.34432062863100704,-0.06029744763395933,1.264151837803157,0.07363540195447854,-1.2047621068744647,-0.46272919108008925
-0.34705030390953234,-0.05936649761945172,1.2633606028633189,0.07454256053655617,-1.2049240378686756,-0.4630441509956428
-0.34977485055679436,-0.05843038211917862,1.2625628386414358,0.07544668621052256,-1.205084792606318,-0.46335786638833554
-0.352494245089345,-0.05748916336026894,1.2617585612991982,0.07634776595189927,-1.2052443220529856,-0.4636703404774761
-0.3552084644124858,-0.0565429032909971,1.2609477871026344,0.07724578702706593,-1.2054025775747281,-0.46398157670258255
-0.35791748582083477,-0.05559166357142811,1.2601305324205754,0.07814073698759076,-1.2055595109462867,-0.4642915787174481
-0.36062128699544843,-0.054635505564211116,1.2593068137230212,0.07903260367344304,-1.2057150743592937,-0.4646003503873737
-0.3633198460114197,-0.05367449032596985,1.2584766475797369,0.07992137518838015,-1.2058692204293473,-0.4649078957764652
-0.36601314132058616,-0.05270867859813749,1.2576400506582608,0.08080703994087014,-1.2060219022047791,-0.46521421915830635
-0.3687011517661586,-0.05173813079909396,1.2567970397226254,0.08168958660057749,-1.20617307317256,-0.465519324996509
-0.3713838565708931,-0.050762907015690445,1.2559476316314555,0.08256900412457528,-1.206322687266047,-0.4658232179501336
-0.37406123534115243,-0.04978306699554591,1.2550918433364229,0.08344528174139546,-1.2064706988711644,-0.46612590286407685
-0.37673326806110374,-0.048798670139273886,1.25422969188045,0.08431840896105458,-1.2066170628330957,-0.46642738476872475
-0.37939993509368664,-0.047809775493185276,1.253361194396062,0.08518837556699577,-1.20676173446212,-0.4667276688731666
-0.38206121718041575,-0.046816441742201315,1.252486368103703,0.08605517161093636,-1.2069046695392873,-0.4670267605594592
-0.3847170954355037,-0.04581872720282901,1.251605230309893,0.08691878742271983,-1.2070458243222522,-0.46732466538224304
-0.3873675513482937,-0.044816689816653085,1.2507177984055853,0.08777921359790114,-1.2071851555501647,-0.4676213890604457
-0.3900125667804888,-0.04381038714390502,1.2498240898643833,0.0886364409990499,-1.207322620448702,-0.4679169374738857
-0.392652123962317,-0.04279987635723857,1.2489241222407126,0.089490460759791,-1.2074581767349315,-0.4682113166608672
-0.3952862054917361,-0.04178521423583926,1.2480179131680598,0.09034126428061896,-1.2075917826216267,-0.4685045328128674
-0.39791479433467747,-0.04076645715983283,1.247105480357237,0.0911888432217103,-1.2077233968212122,-0.4687965922682574
-0.40053787381996,-0.039743661104706784,1.2461868415945014,0.09203318951010549,-1.2078529785500043,-0.4690875015109218
-0.4031554276417768,-0.03871688163626001,1.2452620147398696,0.092874295326299,-1.2079804875314433,-0.46937726716177236
-0.40576743985254965,-0.037686173905443564,1.2443310177251328,0.09371215311653057,-1.2081058839998606,-0.4696658959795147
-0.408373894865392,-0.036651592643768216,1.2433938685521684,0.0945467555792791,-1.2082291287032472,-0.4699533948520959
-0.410974777448148,-0.035613192158616656,1.2424505852909866,0.0953780956742925,-1.208350182906488,-0.4702397707962466
-0.41357007272405694,-0.03457102632904581,1.2415011860779708,0.0962061666136592,-1.2084690083937606,-0.4705250309506844
-0.416159766171208,-0.03352514860176093,1.2405456891140767,0.09703096185600293,-1.208585567470756,-0.47080918257046594
-0.41874384361459577,-0.0324756119870085,1.2395841126628042,0.09785247512065452,-1.2086998229674217,-0.47109223302844777
-0.4213222912312393,-0.031422469055209304,1.238616475048561,0.09867070036632537,-1.208811738239178,-0.47137418980421236
-0.4238950955431501,-0.03036577193332193,1.2376427946546547,0.09948563180263609,-1.2089212771690827,-0.47165506048466865
-0.4264622434184604,-0.02930557230173548,1.236663089921532,0.10029726387940974,-1.2090284041689816,-0.47193485275682073
-0.4290237220640783,-0.028241921391019633,1.2356773793447493,0.10110559129895871,-1.2091330841812769,-0.4722135744087129
-0.4315795190294569,-0.027174869979348506,1.2346856814732936,0.10191060899800747,-1.2092352826793502,-0.4724912333196761
-0.4341296222017497,-0.02610446838975599,1.2336880149076368,0.10271231215300453,-1.2093349656686538,-0.472767837458893
-0.4366740198021966,-0.025030766487642016,1.2326843982978108,0.10351069618204417,-1.2094320996874455,-0.4730433948828065
-0.4392127003882929,-0.023953813678710214,1.2316748503417005,0.10430575673086341,-1.2095266518067724,-0.47331791372694537
-0.4417456528453166,-0.022873658906657577,1.2306593897829516,0.10509748968795908,-1.2096185896312663,-0.4735914022080901
-0.44427286638953273,-0.02179035065153242,1.2296380354092993,0.10588589116760037,-1.2097078812986206,-0.4738638686151374
-0.44679433056296153,-0.02070393692791908,1.228610806050599,0.10667095751593642,-1.2097944954796935,-0.47413532130817904
-0.44931003523130125,-0.019614465283442146,1.2275777205769705,0.10745268530840422,-1.2098784013781139,-0.47440576871455137
-0.45181997058291656,-0.01852198279748879,1.2265387978969864,0.10823107134411704,-1.2099595687295877,-0.47467521932387335
-0.4543241271266424,-0.01742653608005302,1.2254940569558208,0.10900611264346097,-1.2100379678011384,-0.47494368168426476
-0.4568224956853446,-0.016328171270557024,1.2244435167332455,0.10977780645741105,-1.210113569390649,-0.47521116440275485
-0.4593150673998366,-0.015226934037306497,1.2233871962420135,0.11054615024811816,-1.2101863448250902,-0.4754776761356009
-0.4618018337238349,-0.014122869576707928,1.222325114525921,0.11131114169423878,-1.210256265959557,-0.4757432255873984
-0.4642827864181078,-0.013016022612593613,1.2212572906578327,0.11207277869854519,-1.2103233051762456,-0.4760078215110359
-0.4667579175539727,-0.011906437396136048,1.2201837437380822,0.11283105936946865,-1.2103874353822506,-0.47627147269852077
-0.46922721950585744,-0.010794157705420372,1.2191044928924442,0.11358598203305716,-1.210448630008367,-0.47653418798257685
-0.4716906849519249,-0.009679226845520755,1.2180195572704415,0.11433754522242409,-1.210506863006914,-0.47679597623036435
-0.4741483068699814,-0.008561687648515087,1.2169289560434646,0.11508574768033086,-1.2105621088498835,-0.47705684634188356
-0.47660007853649994,-0.007441582473775417,1.2158327084030307,0.11583058835302162,-1.2106143425266398,-0.477316807245348
-0.4790459935236391,-0.006318953208317011,1.2147308335589664,0.11657206638964088,-1.210663539541672,-0.477575867894584
-0.4814860456957683,-0.00519384126723981,1.2136233507375815,0.11731018114302783,-1.2107096759122924,-0.4778340372669674
-0.4839202292088494,-0.004066287594452173,1.212510279179968,0.11804493216245031,-1.2107527281658688,-0.47809132435857854
-0.4863485385054809,-0.002936332663298508,1.2113916381401324,0.11877631919853447,-1.2107926733374526,-0.4783477381837044
-0.48877096831636846,-0.0018040164776408126,1.2102674468834032,0.11950434219004102,-1.2108294889664946,-0.4786032877680103
-0.49118751365108027,-0.0006693785725180748,1.2091377246843964,0.12022900128092158,-1.2108631530947485,-0.47885798215242054
-0.49359816980323035,0.0004675419843614462,1.2080024908256142,0.12095029679653502,-1.2108936442623517,-0.47911183038268246
-0.49600293234580584,0.001606706591488216,1.2068617645956272,0.12166822924771198,-1.21092094150492,-0.47936484150878916
-0.49840179712411514,0.002748077112451736,1.2057155652871625,0.12238279934163077,-1.2109450243508835,-0.47961702458685096
-0.5007947602569747,0.0038916158743051562,1.2045639121955622,0.12309400796930167,-1.2109658728177053,-0.4798683886727936
-0.5031818181367573,0.005037285665885568,1.2034068246172203,0.12380185619619244,-1.210983467408141,-0.4801189428172134
-0.505562967420272,0.0061850497365040025,1.2022443218476,0.12450634527904322,-1.2109977891075163,-0.48036869606950816
-0.5079382050337893,0.007334871793812095,1.201076423179926,0.12520747664227824,-1.2110088193792061,-0.4806176574678397
-0.5103075281631922,0.008486716002337509,1.1999031479031885,0.12590525189695037,-1.2110165401618223,-0.48086583604412403
-0.5126709342563218,0.0096405469813083,1.1987245153007426,0.1265996728247918,-1.2110209338648674,-0.4811132408167893
-0.515028421020193,0.010796329802637266,1.197540544648672,0.1272907413769238,-1.2110219833648814,-0.48135988078875336
-0.5173799864169081,0.011954029988910885,1.1963512552141142,0.12797845967633428,-1.2110196720017437,-0.48160576494677526
-0.5197256286603659,0.013113613511240406,1.1951566662536244,0.1286628300181065,-1.2110139835747442,-0.4818509022600737
-0.5220653462181789,0.014275046786760753,1.193956797011821,0.12934385485459376,-1.2110049023379745,-0.48209530167369524
-0.5243991378023621,0.015438296676658976,1.1927516667194888,0.130021536813052,-1.210992412997067,-0.482338972113361
-0.5267270023737816,0.01660333048338216,1.1915412945923771,0.1306958786734946,-1.2109765007041033,-0.4825819224763652
-0.5290489391351004,0.017770115948403227,1.1903256998294456,0.13136688337984018,-1.210957151053965,-0.4828241616342422
-0.5313649475284681,0.01893862124966132,1.1891049016113555,0.13203455403737369,-1.210934350080012,-0.4830656984306697
-0.5336750272362736,0.020108814998769934,1.1878789190991423,0.13269889390127662,-1.2109080842493096,-0.4833065416762728
-0.5359791781763832,0.021280666238458156,1.1866477714326145,0.13335990638120623,-1.2108783404585128,-0.4835467001491366
-0.5382774004991236,0.02245414443987126,1.1854114777288645,0.1340175950408525,-1.2108451060295162,-0.4837861825935915
-0.5405696945851116,0.023629219499758176,1.1841700570808331,0.1346719635950413,-1.210808368704919,-0.4840249977181891
-0.5428560610444639,0.024805861737528655,1.1829235285559678,0.13532301590279144,-1.2107681166432753,-0.48426315419229976
-0.5451365007136167,0.025984041892397634,1.1816719111947755,0.13597075596738742,-1.2107243384146416,-0.48450066064522895
-0.5474110146505615,0.02716373112056631,1.1804152240092962,0.13661518794116922,-1.210677022996285,-0.48473752566704037
-0.5496796041346916,0.028344900992099582,1.1791534859818493,0.13725631611678377,-1.2106261597677654,-0.4849737578046615
-0.5519422706651841,0.029527523487840972,1.1778867160637194,0.13789414492274127,-1.2105717385061667,-0.4852093655595454
-0.5541990159557191,0.030711570996490026,1.1766149331736517,0.13852867892982224,-1.210513749381808,-0.48544435738920666
-0.5564498419345957,0.03189701631134759,1.1753381561966696,0.13915992284157844,-1.2104521829532107,-0.4856787417031923
-0.5586947507418845,0.033083832627169595,1.1740564039827421,0.13978788149359905,-1.2103870301624287,-0.4859125268621899
-0.560933744723678,0.03427199353717844,1.172769695345299,0.14041255986147377,-1.2103182823307803,-0.48614572118024296
-0.5631668264355578,0.03546147302949978,1.1714780490603,0.14103396304136606,-1.2102459311533083,-0.48637833291734967
-0.5653939986358514,0.03665224548414917,1.1701814838647244,0.1416520962609823,-1.2101699686945906,-0.48661037028282844
-0.5676152642829738,0.037844285669773534,1.168880018455319,0.1422669648784719,-1.2100903873840347,-0.4868418414344622
-0.5698306265380326,0.03903756874004467,1.1675736714876723,0.14287857436556436,-1.2100071800103815,-0.48707275447212556
-0.5720400887555998,0.04023207023072661,1.1662624615746087,0.14348693032618093,-1.2099203397179026,-0.48730311744396837
-0.5742436544862449,0.04142776605603282,1.1649464072852975,0.14409203847985397,-1.2098298600009199,-0.4875329383402163
-0.5764413274742082,0.04262463250523828,1.1636255271440898,0.1446939046597125,-1.2097357346989894,-0.48776222509215633
-0.5808185932922002,0.04502187332952476,1.1609694019718753,0.14588915404873162,-1.2095369086262364,-0.48821964715384636
