284.75,291.76182617406994,424.1846106481675,0.0,0.0,-1.0
284.75,290.76182617406994,424.1846106481675,0.0,0.0,-1.0
284.75,289.76182617406994,424.1846106481675,0.0,0.0,-1.0
284.75,288.76182617406994,424.1846106481675,0.0,0.0,-1.0
284.75,287.76182617406994,424.1846106481675,0.0,0.0,-1.0
284.75,286.76182617406994,424.1846106481675,0.0,0.0,-1.0
284.75,285.76182617406994,424.1846106481675,0.0,0.0,-1.0
284.75,284.76182617406994,424.1846106481675,0.0,0.0,-1.0
284.75,283.76182617406994,424.1846106481675,0.0,0.0,-1.0
284.75,282.76182617406994,424.1846106481675,0.0,0.0,-1.0
284.75,281.76182617406994,424.1846106481675,0.0,0.0,-1.0
284.75,280.76182617406994,424.1846106481675,0.0,0.0,-1.0
284.75,279.76182617406994,424.1846106481675,0.0,0.0,-1.0
284.75,278.76182617406994,424.1846106481675,0.0,0.0,-1.0
284.75,277.76182617406994,424.1846106481675,0.0,0.0,-1.0
284.75,276.76182617406994,424.1846106481675,0.0,0.0,-1.0
284.75,275.76182617406994,424.1846106481675,0.0,0.0,-1.0
284.75,274.76182617406994,424.1846106481675,0.0,0.0,-1.0
284.75,273.76182617406994,424.1846106481675,0.0,0.0,-1.0
284.75,272.76182617406994,424.1846106481675,0.0,0.0,-1.0
284.75,271.76182617406994,424.1846106481675,0.0,0.0,-1.0
284.75,270.76182617406994,424.1846106481675,0.0,0.0,-1.0
284.75,269.76182617406994,424.1846106481675,0.0,0.0,-1.0
284.75,268.76182617406994,424.1846106481675,0.0,0.0,-1.0
284.75,267.76182617406994,424.1846106481675,0.0,0.0,-1.0
284.75,266.76182617406994,424.1846106481675,0.0,0.0,-1.0
284.75,265.76182617406994,424.1846106481675,0.0,0.0,-1.0
284.75,264.76182617406994,424.1846106481675,0.0,0.0,-1.0
284.75,263.76182617406994,424.1846106481675,0.0,0.0,-1.0
284.75,262.76182617406994,424.1846106481675,0.0,0.0,-1.0
284.75,261.76182617406994,424.1846106481675,0.0,0.0,-1.0
284.75,260.76182617406994,424.1846106481675,0.0,0.0,-1.0
284.75,259.76182617406994,424.1846106481675,0.0,0.0,-1.0
284.75,258.76182617406994,424.1846106481675,0.0,0.0,-1.0
284.75,257.76182617406994,424.1846106481675,0.0,0.0,-1.0
284.75,256.76182617406994,424.1846106481675,0.0,0.0,-1.0
284.75,255.76182617406994,424.1846106481675,0.0,0.0,-1.0
284.75,254.76182617406994,424.1846106481675,0.0,0.0,-1.0
284.75,253.76182617406994,424.1846106481675,0.0,0.0,-1.0
284.75,252.76182617406994,424.1846106481675,0.0,0.0,-1.0
284.75,251.76182617406994,424.1846106481675,0.0,0.0,-1.0
284.75,250.76182617406994,424.1846106481675,0.0,0.0,-1.0
284.75,249.76182617406994,424.1846106481675,0.0,0.0,-1.0
284.75,248.76182617406994,424.1846106481675,0.0,0.0,-1.0
284.75,247.76182617406994,424.1846106481675,0.0,0.0,-1.0
284.75,246.76182617406994,424.1846106481675,0.0,0.0,-1.0
284.75,245.76182617406994,424.1846106481675,0.0,0.0,-1.0
284.75,244.76182617406994,424.1846106481675,0.0,0.0,-1.0
284.75,243.76182617406994,424.1846106481675,0.0,0.0,-1.0
284.75,242.76182617406994,424.1846106481675,0.0,0.0,-1.0
284.75,241.76182617406994,424.1846106481675,0.0,0.0,-1.0
284.75,240.76182617406994,424.1846106481675,0.0,0.0,-1.0
284.75,239.76182617406994,424.1846106481675,0.0,0.0,-1.0
284.75,238.76182617406994,424.1846106481675,0.0,0.0,-1.0
284.75,237.76182617406994,424.1846106481675,0.0,0.0,-1.0
284.75,236.76182617406994,424.1846106481675,0.0,0.0,-1.0
284.75,235.76182617406994,424.1846106481675,0.0,0.0,-1.0
284.75,234.76182617406994,424.1846106481675,0.0,0.0,-1.0
284.75,233.76182617406994,424.1846106481675,0.0,0.0,-1.0
284.75,232.76182617406994,424.1846106481675,0.0,0.0,-1.0
284.75,231.76182617406994,424.1846106481675,0.0,0.0,-1.0
284.75,230.76182617406994,424.1846106481675,0.0,0.0,-1.0
284.75,229.76182617406994,424.1846106481675,0.0,0.0,-1.0
284.75,228.76182617406994,424.1846106481675,0.0,0.0,-1.0
284.75,227.76182617406994,424.1846106481675,0.0,0.0,-1.0
284.75,226.76182617406994,424.1846106481675,0.0,0.0,-1.0
284.75,225.76182617406994,424.1846106481675,0.0,0.0,-1.0
284.75,224.76182617406994,424.1846106481675,0.0,0.0,-1.0
284.75,223.76182617406994,424.1846106481675,0.0,0.0,-1.0
284.75,222.76182617406994,424.1846106481675,0.0,0.0,-1.0
284.75,221.76182617406994,424.1846106481675,0.0,0.0,-1.0
284.75,220.76182617406994,424.1846106481675,0.0,0.0,-1.0
284.75,219.76182617406994,424.1846106481675,0.0,0.0,-1.0
284.75,218.76182617406994,424.1846106481675,0.0,0.0,-1.0
284.75,217.76182617406994,424.1846106481675,0.0,0.0,-1.0
284.75,216.76182617406994,424.1846106481675,0.0,0.0,-1.0
284.75,215.76182617406994,424.1846106481675,0.0,0.0,-1.0
284.75,214.76182617406994,424.1846106481675,0.0,0.0,-1.0
284.75,213.76182617406994,424.1846106481675,0.0,0.0,-1.0
284.75,212.76182617406994,424.1846106481675,0.0,0.0,-1.0
284.75,211.76182617406994,424.1846106481675,0.0,0.0,-1.0
284.75,210.76182617406994,424.1846106481675,0.0,0.0,-1.0
284.75,209.76182617406994,424.1846106481675,0.0,0.0,-1.0
284.75,208.76182617406994,424.1846106481675,0.0,0.0,-1.0
284.75,207.76182617406994,424.1846106481675,0.0,0.0,-1.0
284.75,206.76182617406994,424.1846106481675,0.0,0.0,-1.0
284.75,205.76182617406994,424.1846106481675,0.0,0.0,-1.0
284.75,204.76182617406994,424.1846106481675,0.0,0.0,-1.0
284.75,203.76182617406994,424.1846106481675,0.0,0.0,-1.0
284.75,202.76182617406994,424.1846106481675,0.0,0.0,-1.0
284.75,201.76182617406994,424.1846106481675,0.0,0.0,-1.0
284.75,200.76182617406994,424.1846106481675,0.0,0.0,-1.0
284.75,199.76182617406994,424.1846106481675,0.0,0.0,-1.0
284.75,198.76182617406994,424.1846106481675,0.0,0.0,-1.0
284.75,197.76182617406994,424.1846106481675,0.0,0.0,-1.0
284.75,196.76182617406994,424.1846106481675,0.0,0.0,-1.0
284.75,195.76182617406994,424.1846106481675,0.0,0.0,-1.0
284.75,194.76182617406994,424.1846106481675,0.0,0.0,-1.0
284.75,193.76182617406994,424.1846106481675,0.0,0.0,-1.0
284.75,192.76182617406994,424.1846106481675,0.0,0.0,-1.0
284.75,191.76182617406994,424.1846106481675,0.0,0.0,-1.0
284.75,190.76182617406994,424.1846106481675,0.0,0.0,-1.0
284.75,189.76182617406994,424.1846106481675,0.0,0.0,-1.0
284.75,188.76182617406994,424.1846106481675,0.0,0.0,-1.0
284.75,187.76182617406994,424.1846106481675,0.0,0.0,-1.0
284.75,186.76182617406994,424.1846106481675,0.0,0.0,-1.0
284.75,185.76182617406994,424.1846106481675,0.0,0.0,-1.0
284.75,184.76182617406994,424.1846106481675,0.0,0.0,-1.0
284.75,183.76182617406994,424.1846106481675,0.0,0.0,-1.0
284.75,182.76182617406994,424.1846106481675,0.0,0.0,-1.0
284.75,181.76182617406994,424.1846106481675,0.0,0.0,-1.0
284.75,180.76182617406994,424.1846106481675,0.0,0.0,-1.0
284.75,179.76182617406994,424.1846106481675,0.0,0.0,-1.0
284.75,178.76182617406994,424.1846106481675,0.0,0.0,-1.0
284.75,177.76182617406994,424.1846106481675,0.0,0.0,-1.0
284.75,176.76182617406994,424.1846106481675,0.0,0.0,-1.0
284.75,175.76182617406994,424.1846106481675,0.0,0.0,-1.0
284.75,174.76182617406994,424.1846106481675,0.0,0.0,-1.0
284.75,173.76182617406994,424.1846106481675,0.0,0.0,-1.0
284.75,172.76182617406994,424.1846106481675,0.0,0.0,-1.0
284.75,171.76182617406994,424.1846106481675,0.0,0.0,-1.0
284.75,170.76182617406994,424.1846106481675,0.0,0.0,-1.0
284.75,169.76182617406994,424.1846106481675,0.0,0.0,-1.0
284.75,168.76182617406994,424.1846106481675,0.0,0.0,-1.0
284.75,167.76182617406994,424.1846106481675,0.0,0.0,-1.0
284.75,166.76182617406994,424.1846106481675,0.0,0.0,-1.0
284.75,165.76182617406994,424.1846106481675,0.0,0.0,-1.0
284.75,164.76182617406994,424.1846106481675,0.0,0.0,-1.0
284.75,163.76182617406994,424.1846106481675,0.0,0.0,-1.0
284.75,162.76182617406994,424.1846106481675,0.0,0.0,-1.0
284.75,161.76182617406994,424.1846106481675,0.0,0.0,-1.0
284.75,160.76182617406994,424.1846106481675,0.0,0.0,-1.0
284.75,159.76182617406994,424.1846106481675,0.0,0.0,-1.0
284.75,158.76182617406994,424.1846106481675,0.0,0.0,-1.0
284.75,157.76182617406994,424.1846106481675,0.0,0.0,-1.0
284.75,156.76182617406994,424.1846106481675,0.0,0.0,-1.0
284.75,155.76182617406994,424.1846106481675,0.0,0.0,-1.0
284.75,154.76182617406994,424.1846106481675,0.0,0.0,-1.0
284.75,153.76182617406994,424.1846106481675,0.0,0.0,-1.0
284.75,152.76182617406994,424.1846106481675,0.0,0.0,-1.0
284.75,151.76182617406994,424.1846106481675,0.0,0.0,-1.0
284.75,150.76182617406994,424.1846106481675,0.0,0.0,-1.0
284.75,149.76182617406994,424.1846106481675,0.0,0.0,-1.0
284.75,148.76182617406994,424.1846106481675,0.0,0.0,-1.0
284.75,147.76182617406994,424.1846106481675,0.0,0.0,-1.0
284.75,146.76182617406994,424.1846106481675,0.0,0.0,-1.0
284.75,145.76182617406994,424.1846106481675,0.0,0.0,-1.0
284.75,144.76182617406994,424.1846106481675,0.0,0.0,-1.0
284.75,143.76182617406994,424.1846106481675,0.0,0.0,-1.0
284.75,142.76182617406994,424.1846106481675,0.0,0.0,-1.0
284.75,141.76182617406994,424.1846106481675,0.0,0.0,-1.0
284.75,140.76182617406994,424.1846106481675,0.0,0.0,-1.0
284.75,139.76182617406994,424.1846106481675,0.0,0.0,-1.0
284.75,138.76182617406994,424.1846106481675,0.0,0.0,-1.0
284.75,137.76182617406994,424.1846106481675,0.0,0.0,-1.0
284.75,136.76182617406994,424.1846106481675,0.0,0.0,-1.0
284.75,135.76182617406994,424.1846106481675,0.0,0.0,-1.0
284.75,134.76182617406994,424.1846106481675,0.0,0.0,-1.0
284.75,133.76182617406994,424.1846106481675,0.0,0.0,-1.0
284.75,132.76182617406994,424.1846106481675,0.0,0.0,-1.0
284.75,131.76182617406994,424.1846106481675,0.0,0.0,-1.0
284.75,130.76182617406994,424.1846106481675,0.0,0.0,-1.0
284.75,129.76182617406994,424.1846106481675,0.0,0.0,-1.0
284.75,128.76182617406994,424.1846106481675,0.0,0.0,-1.0
284.75,127.76182617406994,424.1846106481675,0.0,0.0,-1.0
284.75,126.76182617406994,424.1846106481675,0.0,0.0,-1.0
284.75,125.76182617406994,424.1846106481675,0.0,0.0,-1.0
284.75,124.76182617406994,424.1846106481675,0.0,0.0,-1.0
284.75,123.76182617406994,424.1846106481675,0.0,0.0,-1.0
284.75,122.76182617406994,424.1846106481675,0.0,0.0,-1.0
284.75,121.76182617406994,424.1846106481675,0.0,0.0,-1.0
284.75,120.76182617406994,424.1846106481675,0.0,0.0,-1.0
284.75,119.76182617406994,424.1846106481675,0.0,0.0,-1.0
284.75,118.76182617406994,424.1846106481675,0.0,0.0,-1.0
284.75,117.76182617406994,424.1846106481675,0.0,0.0,-1.0
284.75,116.76182617406994,424.1846106481675,0.0,0.0,-1.0
284.75,115.76182617406994,424.1846106481675,0.0,0.0,-1.0
284.75,114.76182617406994,424.1846106481675,0.0,0.0,-1.0
284.75,113.76182617406994,424.1846106481675,0.0,0.0,-1.0
284.75,112.76182617406994,424.1846106481675,0.0,0.0,-1.0
284.75,111.76182617406994,424.1846106481675,0.0,0.0,-1.0
284.75,110.76182617406994,424.1846106481675,0.0,0.0,-1.0
284.75,109.76182617406994,424.1846106481675,0.0,0.0,-1.0
284.75,108.76182617406994,424.1846106481675,0.0,0.0,-1.0
284.75,107.76182617406994,424.1846106481675,0.0,0.0,-1.0
284.75,106.76182617406994,424.1846106481675,0.0,0.0,-1.0
284.75,105.76182617406994,424.1846106481675,0.0,0.0,-1.0
284.75,104.76182617406994,424.1846106481675,0.0,0.0,-1.0
284.75,103.76182617406994,424.1846106481675,0.0,0.0,-1.0
284.75,102.76182617406994,424.1846106481675,0.0,0.0,-1.0
284.75,101.76182617406994,424.1846106481675,0.0,0.0,-1.0
284.75,100.76182617406994,424.1846106481675,0.0,0.0,-1.0
284.75,99.76182617406994,424.1846106481675,0.0,0.0,-1.0
284.75,98.76182617406994,424.1846106481675,0.0,0.0,-1.0
284.75,97.76182617406994,424.1846106481675,0.0,0.0,-1.0
284.75,96.76182617406994,424.1846106481675,0.0,0.0,-1.0
284.75,95.76182617406994,424.1846106481675,0.0,0.0,-1.0
284.75,94.76182617406994,424.1846106481675,0.0,0.0,-1.0
284.75,93.76182617406994,424.1846106481675,0.0,0.0,-1.0
284.75,92.76182617406994,424.1846106481675,0.0,0.0,-1.0
284.75,91.76182617406994,424.1846106481675,0.0,0.0,-1.0
284.75,90.76182617406994,424.1846106481675,0.0,0.0,-1.0
284.75,89.76182617406994,424.1846106481675,0.0,0.0,-1.0
284.75,88.76182617406994,424.1846106481675,0.0,0.0,-1.0
284.75,87.76182617406994,424.1846106481675,0.0,0.0,-1.0
284.75,86.76182617406994,424.1846106481675,0.0,0.0,-1.0
284.75,85.76182617406994,424.1846106481675,0.0,0.0,-1.0
284.75,84.76182617406994,424.1846106481675,0.0,0.0,-1.0
284.75,83.76182617406994,424.1846106481675,0.0,0.0,-1.0
284.75,82.76182617406994,424.1846106481675,0.0,0.0,-1.0
284.75,81.76182617406994,424.1846106481675,0.0,0.0,-1.0
284.75,80.76182617406994,424.1846106481675,0.0,0.0,-1.0
284.75,79.76182617406994,424.1846106481675,0.0,0.0,-1.0
284.75,78.76182617406994,424.1846106481675,0.0,0.0,-1.0
284.75,77.76182617406994,424.1846106481675,0.0,0.0,-1.0
284.75,76.76182617406994,424.1846106481675,0.0,0.0,-1.0
284.75,75.76182617406994,424.1846106481675,0.0,0.0,-1.0
284.75,74.76182617406994,424.1846106481675,0.0,0.0,-1.0
284.75,73.76182617406994,424.1846106481675,0.0,0.0,-1.0
284.75,72.76182617406994,424.1846106481675,0.0,0.0,-1.0
284.75,71.76182617406994,424.1846106481675,0.0,0.0,-1.0
284.75,70.76182617406994,424.1846106481675,0.0,0.0,-1.0
284.75,69.76182617406994,424.1846106481675,0.0,0.0,-1.0
284.75,68.76182617406994,424.1846106481675,0.0,0.0,-1.0
284.75,67.76182617406994,424.1846106481675,0.0,0.0,-1.0
284.75,66.76182617406994,424.1846106481675,0.0,0.0,-1.0
284.75,65.76182617406994,424.1846106481675,0.0,0.0,-1.0
284.75,64.76182617406994,424.1846106481675,0.0,0.0,-1.0
284.75,63.76182617406994,424.1846106481675,0.0,0.0,-1.0
284.75,62.76182617406994,424.1846106481675,0.0,0.0,-1.0
284.75,61.76182617406994,424.1846106481675,0.0,0.0,-1.0
284.75,60.76182617406994,424.1846106481675,0.0,0.0,-1.0
284.75,59.76182617406994,424.1846106481675,0.0,0.0,-1.0
284.75,58.76182617406994,424.1846106481675,0.0,0.0,-1.0
284.75,57.76182617406994,424.1846106481675,0.0,0.0,-1.0
284.75,56.76182617406994,424.1846106481675,0.0,0.0,-1.0
284.75,55.76182617406994,424.1846106481675,0.0,0.0,-1.0
284.75,54.76182617406994,424.1846106481675,0.0,0.0,-1.0
284.75,53.76182617406994,424.1846106481675,0.0,0.0,-1.0
284.75,52.76182617406994,424.1846106481675,0.0,0.0,-1.0
284.75,51.76182617406994,424.1846106481675,0.0,0.0,-1.0
284.75,50.76182617406994,424.1846106481675,0.0,0.0,-1.0
284.75,49.76182617406994,424.1846106481675,0.0,0.0,-1.0
284.75,48.76182617406994,424.1846106481675,0.0,0.0,-1.0
284.75,47.76182617406994,424.1846106481675,0.0,0.0,-1.0
284.75,46.76182617406994,424.1846106481675,0.0,0.0,-1.0
284.75,45.76182617406994,424.1846106481675,0.0,0.0,-1.0
284.75,44.76182617406994,424.1846106481675,0.0,0.0,-1.0
284.75,43.76182617406994,424.1846106481675,0.0,0.0,-1.0
284.75,42.76182617406994,424.1846106481675,0.0,0.0,-1.0
284.75,41.76182617406994,424.1846106481675,0.0,0.0,-1.0
284.75,40.76182617406994,424.1846106481675,0.0,0.0,-1.0
284.75,39.76182617406994,424.1846106481675,0.0,0.0,-1.0
284.75,38.76182617406994,424.1846106481675,0.0,0.0,-1.0
284.75,37.76182617406994,424.1846106481675,0.0,0.0,-1.0
284.75,36.76182617406994,424.1846106481675,0.0,0.0,-1.0
284.75,35.76182617406994,424.1846106481675,0.0,0.0,-1.0
284.75,34.76182617406994,424.1846106481675,0.0,0.0,-1.0
284.75,33.76182617406994,424.1846106481675,0.0,0.0,-1.0
284.75,32.76182617406994,424.1846106481675,0.0,0.0,-1.0
284.75,31.761826174069938,424.1846106481675,0.0,0.0,-1.0
284.75,30.761826174069938,424.1846106481675,0.0,0.0,-1.0
284.75,29.761826174069938,424.1846106481675,0.0,0.0,-1.0
284.75,28.761826174069938,424.1846106481675,0.0,0.0,-1.0
284.75,27.761826174069938,424.1846106481675,0.0,0.0,-1.0
284.75,26.761826174069938,424.1846106481675,0.0,0.0,-1.0
284.75,25.761826174069938,424.1846106481675,0.0,0.0,-1.0
284.75,24.761826174069938,424.1846106481675,0.0,0.0,-1.0
284.75,23.761826174069938,424.1846106481675,0.0,0.0,-1.0
284.75,22.761826174069938,424.1846106481675,0.0,0.0,-1.0
284.75,21.761826174069938,424.1846106481675,0.0,0.0,-1.0
284.75,20.761826174069938,424.1846106481675,0.0,0.0,-1.0
284.75,19.761826174069938,424.1846106481675,0.0,0.0,-1.0
284.75,18.761826174069938,424.1846106481675,0.0,0.0,-1.0
284.75,17.761826174069938,424.1846106481675,0.0,0.0,-1.0
284.75,16.761826174069938,424.1846106481675,0.0,0.0,-1.0
284.75,15.761826174069938,424.1846106481675,0.0,0.0,-1.0
284.75,14.761826174069938,424.1846106481675,0.0,0.0,-1.0
284.75,13.761826174069938,424.1846106481675,0.0,0.0,-1.0
284.75,12.761826174069938,424.1846106481675,0.0,0.0,-1.0
284.75,11.761826174069938,424.1846106481675,0.0,0.0,-1.0
284.75,10.761826174069938,424.1846106481675,0.0,0.0,-1.0
284.75,9.761826174069938,424.1846106481675,0.0,0.0,-1.0
284.75,8.761826174069938,424.1846106481675,0.0,0.0,-1.0
284.75,7.761826174069938,424.1846106481675,0.0,0.0,-1.0
284.75,6.761826174069938,424.1846106481675,0.0,0.0,-1.0
284.75,5.761826174069938,424.1846106481675,0.0,0.0,-1.0
284.75,4.761826174069938,424.1846106481675,0.0,0.0,-1.0
284.75,3.761826174069938,424.1846106481675,0.0,0.0,-1.0
284.75,2.761826174069938,424.1846106481675,0.0,0.0,-1.0
284.75,1.7618261740699381,424.1846106481675,0.0,0.0,-1.0
284.75,0.7618261740699381,424.1846106481675,0.0,0.0,-1.0
284.75,-0.23817382593006187,424.1846106481675,0.0,0.0,-1.0
284.75,-1.2381738259300619,424.1846106481675,0.0,0.0,-1.0
284.75,-2.238173825930062,424.1846106481675,0.0,0.0,-1.0
284.75,-3.238173825930062,424.1846106481675,0.0,0.0,-1.0
284.75,-4.238173825930062,424.1846106481675,0.0,0.0,-1.0
284.75,-5.238173825930062,424.1846106481675,0.0,0.0,-1.0
284.75,-6.238173825930062,424.1846106481675,0.0,0.0,-1.0
284.75,-7.238173825930062,424.1846106481675,0.0,0.0,-1.0
284.75,-8.238173825930062,424.1846106481675,0.0,0.0,-1.0
284.75,-9.238173825930062,424.1846106481675,0.0,0.0,-1.0
284.75,-10.238173825930062,424.1846106481675,0.0,0.0,-1.0
284.75,-11.238173825930062,424.1846106481675,0.0,0.0,-1.0
284.75,-12.238173825930062,424.1846106481675,0.0,0.0,-1.0
284.75,-13.238173825930062,424.1846106481675,0.0,0.0,-1.0
284.75,-14.238173825930062,424.1846106481675,0.0,0.0,-1.0
284.75,-15.238173825930062,424.1846106481675,0.0,0.0,-1.0
284.75,-16.238173825930062,424.1846106481675,0.0,0.0,-1.0
284.75,-17.238173825930062,424.1846106481675,0.0,0.0,-1.0
284.75,-18.238173825930062,424.1846106481675,0.0,0.0,-1.0
284.75,-19.238173825930062,424.1846106481675,0.0,0.0,-1.0
284.75,-20.238173825930062,424.1846106481675,0.0,0.0,-1.0
284.75,-21.238173825930062,424.1846106481675,0.0,0.0,-1.0
284.75,-22.238173825930062,424.1846106481675,0.0,0.0,-1.0
284.75,-23.238173825930062,424.1846106481675,0.0,0.0,-1.0
284.75,-24.238173825930062,424.1846106481675,0.0,0.0,-1.0
284.75,-25.238173825930062,424.1846106481675,0.0,0.0,-1.0
284.75,-26.238173825930062,424.1846106481675,0.0,0.0,-1.0
284.75,-27.238173825930062,424.1846106481675,0.0,0.0,-1.0
284.75,-28.238173825930062,424.1846106481675,0.0,0.0,-1.0
284.75,-29.238173825930062,424.1846106481675,0.0,0.0,-1.0
284.75,-30.238173825930062,424.1846106481675,0.0,0.0,-1.0
284.75,-31.238173825930062,424.1846106481675,0.0,0.0,-1.0
284.75,-32.23817382593006,424.1846106481675,0.0,0.0,-1.0
284.75,-33.23817382593006,424.1846106481675,0.0,0.0,-1.0
284.75,-34.23817382593006,424.1846106481675,0.0,0.0,-1.0
284.75,-35.23817382593006,424.1846106481675,0.0,0.0,-1.0
284.75,-36.23817382593006,424.1846106481675,0.0,0.0,-1.0
284.75,-37.23817382593006,424.1846106481675,0.0,0.0,-1.0
284.75,-38.23817382593006,424.1846106481675,0.0,0.0,-1.0
284.75,-39.23817382593006,424.1846106481675,0.0,0.0,-1.0
284.75,-40.23817382593006,424.1846106481675,0.0,0.0,-1.0
284.75,-41.23817382593006,424.1846106481675,0.0,0.0,-1.0
284.75,-42.23817382593006,424.1846106481675,0.0,0.0,-1.0
284.75,-43.23817382593006,424.1846106481675,0.0,0.0,-1.0
284.75,-44.23817382593006,424.1846106481675,0.0,0.0,-1.0
284.75,-45.23817382593006,424.1846106481675,0.0,0.0,-1.0
284.75,-46.23817382593006,424.1846106481675,0.0,0.0,-1.0
284.75,-47.23817382593006,424.1846106481675,0.0,0.0,-1.0
284.75,-48.23817382593006,424.1846106481675,0.0,0.0,-1.0
284.75,-49.23817382593006,424.1846106481675,0.0,0.0,-1.0
284.75,-50.23817382593006,424.1846106481675,0.0,0.0,-1.0
284.75,-51.23817382593006,424.1846106481675,0.0,0.0,-1.0
284.75,-52.23817382593006,424.1846106481675,0.0,0.0,-1.0
284.75,-53.23817382593006,424.1846106481675,0.0,0.0,-1.0
284.75,-54.23817382593006,424.1846106481675,0.0,0.0,-1.0
284.75,-55.23817382593006,424.1846106481675,0.0,0.0,-1.0
284.75,-56.23817382593006,424.1846106481675,0.0,0.0,-1.0
284.75,-57.23817382593006,424.1846106481675,0.0,0.0,-1.0
284.75,-58.23817382593006,424.1846106481675,0.0,0.0,-1.0
284.75,-59.23817382593006,424.1846106481675,0.0,0.0,-1.0
284.75,-60.23817382593006,424.1846106481675,0.0,0.0,-1.0
284.75,-61.23817382593006,424.1846106481675,0.0,0.0,-1.0
284.75,-62.23817382593006,424.1846106481675,0.0,0.0,-1.0
284.75,-63.23817382593006,424.1846106481675,0.0,0.0,-1.0
284.75,-64.23817382593006,424.1846106481675,0.0,0.0,-1.0
284.75,-65.23817382593006,424.1846106481675,0.0,0.0,-1.0
284.75,-66.23817382593006,424.1846106481675,0.0,0.0,-1.0
284.75,-67.23817382593006,424.1846106481675,0.0,0.0,-1.0
284.75,-68.23817382593006,424.1846106481675,0.0,0.0,-1.0
284.75,-69.23817382593006,424.1846106481675,0.0,0.0,-1.0
284.75,-70.23817382593006,424.1846106481675,0.0,0.0,-1.0
284.75,-71.23817382593006,424.1846106481675,0.0,0.0,-1.0
284.75,-72.23817382593006,424.1846106481675,0.0,0.0,-1.0
284.75,-73.23817382593006,424.1846106481675,0.0,0.0,-1.0
284.75,-74.23817382593006,424.1846106481675,0.0,0.0,-1.0
284.75,-75.23817382593006,424.1846106481675,0.0,0.0,-1.0
284.75,-76.23817382593006,424.1846106481675,0.0,0.0,-1.0
284.75,-77.23817382593006,424.1846106481675,0.0,0.0,-1.0
284.75,-78.23817382593006,424.1846106481675,0.0,0.0,-1.0
284.75,-79.23817382593006,424.1846106481675,0.0,0.0,-1.0
284.75,-80.23817382593006,424.1846106481675,0.0,0.0,-1.0
284.75,-81.23817382593006,424.1846106481675,0.0,0.0,-1.0
284.75,-82.23817382593006,424.1846106481675,0.0,0.0,-1.0
284.75,-83.23817382593006,424.1846106481675,0.0,0.0,-1.0
284.75,-84.23817382593006,424.1846106481675,0.0,0.0,-1.0
284.75,-85.23817382593006,424.1846106481675,0.0,0.0,-1.0
284.75,-86.23817382593006,424.1846106481675,0.0,0.0,-1.0
284.75,-87.23817382593006,424.1846106481675,0.0,0.0,-1.0
284.75,-88.23817382593006,424.1846106481675,0.0,0.0,-1.0
284.75,-89.23817382593006,424.1846106481675,0.0,0.0,-1.0
284.75,-90.23817382593006,424.1846106481675,0.0,0.0,-1.0
284.75,-91.23817382593006,424.1846106481675,0.0,0.0,-1.0
284.75,-92.23817382593006,424.1846106481675,0.0,0.0,-1.0
284.75,-93.23817382593006,424.1846106481675,0.0,0.0,-1.0
284.75,-94.23817382593006,424.1846106481675,0.0,0.0,-1.0
284.75,-95.23817382593006,424.1846106481675,0.0,0.0,-1.0
284.75,-96.23817382593006,424.1846106481675,0.0,0.0,-1.0
284.75,-97.23817382593006,424.1846106481675,0.0,0.0,-1.0
284.75,-98.23817382593006,424.1846106481675,0.0,0.0,-1.0
284.75,-99.23817382593006,424.1846106481675,0.0,0.0,-1.0
284.75,-100.23817382593006,424.1846106481675,0.0,0.0,-1.0
284.75,-101.23817382593006,424.1846106481675,0.0,0.0,-1.0
284.75,-102.23817382593006,424.1846106481675,0.0,0.0,-1.0
284.75,-103.23817382593006,424.1846106481675,0.0,0.0,-1.0
284.75,-104.23817382593006,424.1846106481675,0.0,0.0,-1.0
284.75,-105.23817382593006,424.1846106481675,0.0,0.0,-1.0
284.75,-106.23817382593006,424.1846106481675,0.0,0.0,-1.0
284.75,-107.23817382593006,424.1846106481675,0.0,0.0,-1.0
284.75,-108.23817382593006,424.1846106481675,0.0,0.0,-1.0
284.75,-109.23817382593006,424.1846106481675,0.0,0.0,-1.0
284.75,-110.23817382593006,424.1846106481675,0.0,0.0,-1.0
284.75,-111.23817382593006,424.1846106481675,0.0,0.0,-1.0
284.75,-112.23817382593006,424.1846106481675,0.0,0.0,-1.0
284.75,-113.23817382593006,424.1846106481675,0.0,0.0,-1.0
284.75,-114.23817382593006,424.1846106481675,0.0,0.0,-1.0
284.75,-115.23817382593006,424.1846106481675,0.0,0.0,-1.0
284.75,-116.23817382593006,424.1846106481675,0.0,0.0,-1.0
284.75,-117.23817382593006,424.1846106481675,0.0,0.0,-1.0
284.75,-118.23817382593006,424.1846106481675,0.0,0.0,-1.0
284.75,-119.23817382593006,424.1846106481675,0.0,0.0,-1.0
284.75,-120.23817382593006,424.1846106481675,0.0,0.0,-1.0
284.75,-121.23817382593006,424.1846106481675,0.0,0.0,-1.0
284.75,-122.23817382593006,424.1846106481675,0.0,0.0,-1.0
284.75,-123.23817382593006,424.1846106481675,0.0,0.0,-1.0
284.75,-124.23817382593006,424.1846106481675,0.0,0.0,-1.0
284.75,-125.23817382593006,424.1846106481675,0.0,0.0,-1.0
284.75,-126.23817382593006,424.1846106481675,0.0,0.0,-1.0
284.75,-127.23817382593006,424.1846106481675,0.0,0.0,-1.0
284.75,-128.23817382593006,424.1846106481675,0.0,0.0,-1.0
284.75,-129.23817382593006,424.1846106481675,0.0,0.0,-1.0
284.75,-130.23817382593006,424.1846106481675,0.0,0.0,-1.0
284.75,-131.23817382593006,424.1846106481675,0.0,0.0,-1.0
284.75,-132.23817382593006,424.1846106481675,0.0,0.0,-1.0
284.75,-133.23817382593006,424.1846106481675,0.0,0.0,-1.0
284.75,-134.23817382593006,424.1846106481675,0.0,0.0,-1.0
284.75,-135.23817382593006,424.1846106481675,0.0,0.0,-1.0
284.75,-136.23817382593006,424.1846106481675,0.0,0.0,-1.0
284.75,-137.23817382593006,424.1846106481675,0.0,0.0,-1.0
284.75,-138.23817382593006,424.1846106481675,0.0,0.0,-1.0
284.75,-139.23817382593006,424.1846106481675,0.0,0.0,-1.0
284.75,-140.23817382593006,424.1846106481675,0.0,0.0,-1.0
284.75,-141.23817382593006,424.1846106481675,0.0,0.0,-1.0
284.75,-142.23817382593006,424.1846106481675,0.0,0.0,-1.0
284.75,-143.23817382593006,424.1846106481675,0.0,0.0,-1.0
284.75,-144.23817382593006,424.1846106481675,0.0,0.0,-1.0
284.75,-145.23817382593006,424.1846106481675,0.0,0.0,-1.0
284.75,-146.23817382593006,424.1846106481675,0.0,0.0,-1.0
284.75,-147.23817382593006,424.1846106481675,0.0,0.0,-1.0
284.75,-148.23817382593006,424.1846106481675,0.0,0.0,-1.0
284.75,-149.23817382593006,424.1846106481675,0.0,0.0,-1.0
284.75,-150.23817382593006,424.1846106481675,0.0,0.0,-1.0
284.75,-151.23817382593006,424.1846106481675,0.0,0.0,-1.0
284.75,-152.23817382593006,424.1846106481675,0.0,0.0,-1.0
284.75,-153.23817382593006,424.1846106481675,0.0,0.0,-1.0
284.75,-154.23817382593006,424.1846106481675,0.0,0.0,-1.0
284.75,-155.23817382593006,424.1846106481675,0.0,0.0,-1.0
284.75,-156.23817382593006,424.1846106481675,0.0,0.0,-1.0
284.75,-157.23817382593006,424.1846106481675,0.0,0.0,-1.0
284.75,-158.23817382593006,424.1846106481675,0.0,0.0,-1.0
284.75,-159.23817382593006,424.1846106481675,0.0,0.0,-1.0
284.75,-160.23817382593006,424.1846106481675,0.0,0.0,-1.0
284.75,-161.23817382593006,424.1846106481675,0.0,0.0,-1.0
284.75,-162.23817382593006,424.1846106481675,0.0,0.0,-1.0
284.75,-163.23817382593006,424.1846106481675,0.0,0.0,-1.0
284.75,-164.23817382593006,424.1846106481675,0.0,0.0,-1.0
284.75,-165.23817382593006,424.1846106481675,0.0,0.0,-1.0
284.75,-166.23817382593006,424.1846106481675,0.0,0.0,-1.0
284.75,-167.23817382593006,424.1846106481675,0.0,0.0,-1.0
284.75,-168.23817382593006,424.1846106481675,0.0,0.0,-1.0
284.75,-169.23817382593006,424.1846106481675,0.0,0.0,-1.0
284.75,-170.23817382593006,424.1846106481675,0.0,0.0,-1.0
284.75,-171.23817382593006,424.1846106481675,0.0,0.0,-1.0
284.75,-172.23817382593006,424.1846106481675,0.0,0.0,-1.0
284.75,-173.23817382593006,424.1846106481675,0.0,0.0,-1.0
284.75,-174.23817382593006,424.1846106481675,0.0,0.0,-1.0
284.75,-175.23817382593006,424.1846106481675,0.0,0.0,-1.0
284.75,-176.23817382593006,424.1846106481675,0.0,0.0,-1.0
284.75,-177.23817382593006,424.1846106481675,0.0,0.0,-1.0
284.75,-178.23817382593006,424.1846106481675,0.0,0.0,-1.0
284.75,-179.23817382593006,424.1846106481675,0.0,0.0,-1.0
284.75,-180.23817382593006,424.1846106481675,0.0,0.0,-1.0
284.75,-181.23817382593006,424.1846106481675,0.0,0.0,-1.0
284.75,-182.23817382593006,424.1846106481675,0.0,0.0,-1.0
284.75,-183.23817382593006,424.1846106481675,0.0,0.0,-1.0
284.75,-184.23817382593006,424.1846106481675,0.0,0.0,-1.0
284.75,-185.23817382593006,424.1846106481675,0.0,0.0,-1.0
284.75,-186.23817382593006,424.1846106481675,0.0,0.0,-1.0
284.75,-187.23817382593006,424.1846106481675,0.0,0.0,-1.0
284.75,-188.23817382593006,424.1846106481675,0.0,0.0,-1.0
284.75,-189.23817382593006,424.1846106481675,0.0,0.0,-1.0
284.75,-190.23817382593006,424.1846106481675,0.0,0.0,-1.0
284.75,-191.23817382593006,424.1846106481675,0.0,0.0,-1.0
284.75,-192.23817382593006,424.1846106481675,0.0,0.0,-1.0
284.75,-193.23817382593006,424.1846106481675,0.0,0.0,-1.0
284.75,-194.23817382593006,424.1846106481675,0.0,0.0,-1.0
284.75,-195.23817382593006,424.1846106481675,0.0,0.0,-1.0
284.75,-196.23817382593006,424.1846106481675,0.0,0.0,-1.0
284.75,-197.23817382593006,424.1846106481675,0.0,0.0,-1.0
284.75,-198.23817382593006,424.1846106481675,0.0,0.0,-1.0
284.75,-199.23817382593006,424.1846106481675,0.0,0.0,-1.0
284.75,-200.23817382593006,424.1846106481675,0.0,0.0,-1.0
284.75,-201.23817382593006,424.1846106481675,0.0,0.0,-1.0
284.75,-202.23817382593006,424.1846106481675,0.0,0.0,-1.0
284.75,-203.23817382593006,424.1846106481675,0.0,0.0,-1.0
284.75,-204.23817382593006,424.1846106481675,0.0,0.0,-1.0
284.75,-205.23817382593006,424.1846106481675,0.0,0.0,-1.0
284.75,-206.23817382593006,424.1846106481675,0.0,0.0,-1.0
284.75,-207.23817382593006,424.1846106481675,0.0,0.0,-1.0
